File,Simulation_Type,Average_Distance
FAM001395.fasta,LG08_frequencies,7.3913
FAM001460.fasta,LG08_frequencies,6.9517
FAM002889.fasta,LG08_frequencies,6.8726
FAM003254.fasta,LG08_frequencies,7.5477
FAM003092.fasta,LG08_frequencies,7.7555
FAM003436.fasta,LG08_frequencies,7.0350
FAM000162.fasta,LG08_frequencies,6.9032
FAM003742.fasta,LG08_frequencies,7.1076
FAM003984.fasta,LG08_frequencies,7.8319
FAM004005.fasta,LG08_frequencies,6.6070
FAM002855.fasta,LG08_frequencies,7.1904
FAM004287.fasta,LG08_frequencies,6.3598
FAM004568.fasta,LG08_frequencies,6.4638
FAM003979.fasta,LG08_frequencies,7.4205
FAM004230.fasta,LG08_frequencies,6.6184
FAM002486.fasta,LG08_frequencies,6.9090
FAM005630.fasta,LG08_frequencies,7.5986
FAM005791.fasta,LG08_frequencies,7.0970
FAM005368.fasta,LG08_frequencies,7.1892
FAM006786.fasta,LG08_frequencies,6.7614
FAM003440.fasta,LG08_frequencies,7.2536
FAM006991.fasta,LG08_frequencies,7.4359
FAM006868.fasta,LG08_frequencies,6.6114
FAM007266.fasta,LG08_frequencies,6.5699
FAM007965.fasta,LG08_frequencies,6.9407
FAM007551.fasta,LG08_frequencies,6.4692
FAM006455.fasta,LG08_frequencies,6.9577
FAM008137.fasta,LG08_frequencies,5.9558
FAM007035.fasta,LG08_frequencies,7.2511
FAM008210.fasta,LG08_frequencies,6.7565
FAM008280.fasta,LG08_frequencies,6.8474
FAM008956.fasta,LG08_frequencies,7.0409
FAM008420.fasta,LG08_frequencies,7.3929
FAM009320.fasta,LG08_frequencies,6.1578
FAM009650.fasta,LG08_frequencies,9.4149
FAM009714.fasta,LG08_frequencies,6.8109
FAM009365.fasta,LG08_frequencies,7.1479
FAM009083.fasta,LG08_frequencies,7.3880
FAM009901.fasta,LG08_frequencies,6.6806
FAM006259.fasta,LG08_frequencies,7.7388
FAM010218.fasta,LG08_frequencies,7.1398
FAM010916.fasta,LG08_frequencies,6.9679
FAM010199.fasta,LG08_frequencies,7.1917
FAM010324.fasta,LG08_frequencies,6.7744
FAM011393.fasta,LG08_frequencies,6.7736
FAM010935.fasta,LG08_frequencies,7.3486
FAM011513.fasta,LG08_frequencies,3.9110
FAM011705.fasta,LG08_frequencies,6.9690
FAM008183.fasta,LG08_frequencies,7.5783
FAM011841.fasta,LG08_frequencies,6.8138
FAM011952.fasta,LG08_frequencies,6.5645
FAM011182.fasta,LG08_frequencies,7.0373
FAM011992.fasta,LG08_frequencies,6.5517
FAM011968.fasta,LG08_frequencies,7.4972
FAM012463.fasta,LG08_frequencies,6.9684
FAM010908.fasta,LG08_frequencies,6.8703
FAM012556.fasta,LG08_frequencies,6.5117
FAM012799.fasta,LG08_frequencies,7.0811
FAM012052.fasta,LG08_frequencies,7.5675
FAM012720.fasta,LG08_frequencies,7.0405
FAM012802.fasta,LG08_frequencies,6.6403
FAM012882.fasta,LG08_frequencies,6.9021
FAM012607.fasta,LG08_frequencies,6.8918
FAM012140.fasta,LG08_frequencies,7.2149
FAM013137.fasta,LG08_frequencies,7.2059
FAM013161.fasta,LG08_frequencies,6.6139
FAM012865.fasta,LG08_frequencies,7.0850
FAM012910.fasta,LG08_frequencies,7.4814
FAM013064.fasta,LG08_frequencies,6.7118
FAM013190.fasta,LG08_frequencies,6.8575
FAM013595.fasta,LG08_frequencies,6.9886
FAM013698.fasta,LG08_frequencies,7.7315
FAM013310.fasta,LG08_frequencies,6.8241
FAM013846.fasta,LG08_frequencies,6.5146
FAM013733.fasta,LG08_frequencies,7.0289
FAM013215.fasta,LG08_frequencies,6.6750
FAM014058.fasta,LG08_frequencies,6.9649
FAM013551.fasta,LG08_frequencies,6.9611
FAM014243.fasta,LG08_frequencies,5.6491
FAM014246.fasta,LG08_frequencies,5.5353
FAM014203.fasta,LG08_frequencies,6.6349
FAM014269.fasta,LG08_frequencies,5.7689
FAM014320.fasta,LG08_frequencies,6.8046
FAM014261.fasta,LG08_frequencies,6.7066
FAM014315.fasta,LG08_frequencies,4.7254
FAM014263.fasta,LG08_frequencies,6.5811
FAM014456.fasta,LG08_frequencies,5.3713
FAM014364.fasta,LG08_frequencies,5.0574
FAM014482.fasta,LG08_frequencies,6.5160
FAM014518.fasta,LG08_frequencies,7.4889
FAM014428.fasta,LG08_frequencies,6.5119
FAM014562.fasta,LG08_frequencies,6.5364
FAM014575.fasta,LG08_frequencies,4.9547
FAM014552.fasta,LG08_frequencies,5.7572
FAM014513.fasta,LG08_frequencies,6.6692
FAM014601.fasta,LG08_frequencies,6.3851
FAM014632.fasta,LG08_frequencies,6.5944
FAM014683.fasta,LG08_frequencies,6.5751
FAM014455.fasta,LG08_frequencies,6.4908
FAM014668.fasta,LG08_frequencies,6.5808
FAM014697.fasta,LG08_frequencies,6.8060
FAM014698.fasta,LG08_frequencies,6.4174
FAM014702.fasta,LG08_frequencies,6.5056
FAM014720.fasta,LG08_frequencies,6.6374
FAM014750.fasta,LG08_frequencies,5.8701
FAM014811.fasta,LG08_frequencies,4.4966
FAM014818.fasta,LG08_frequencies,6.6060
FAM014860.fasta,LG08_frequencies,4.8169
FAM014882.fasta,LG08_frequencies,6.5832
FAM014897.fasta,LG08_frequencies,6.5452
FAM014813.fasta,LG08_frequencies,6.3823
FAM014886.fasta,LG08_frequencies,6.6147
FAM014900.fasta,LG08_frequencies,7.3371
FAM014909.fasta,LG08_frequencies,6.7792
FAM014677.fasta,LG08_frequencies,6.8785
FAM014911.fasta,LG08_frequencies,6.7429
FAM014922.fasta,LG08_frequencies,6.6558
FAM014929.fasta,LG08_frequencies,7.2755
FAM014923.fasta,LG08_frequencies,7.0343
FAM015039.fasta,LG08_frequencies,4.0501
FAM015021.fasta,LG08_frequencies,6.4521
FAM015061.fasta,LG08_frequencies,5.9491
FAM015052.fasta,LG08_frequencies,6.2218
FAM014907.fasta,LG08_frequencies,6.6219
FAM015005.fasta,LG08_frequencies,6.7026
FAM014723.fasta,LG08_frequencies,6.8835
FAM015083.fasta,LG08_frequencies,6.8096
FAM015105.fasta,LG08_frequencies,6.5041
FAM015171.fasta,LG08_frequencies,6.5890
FAM015204.fasta,LG08_frequencies,6.5984
FAM015234.fasta,LG08_frequencies,5.9527
FAM015178.fasta,LG08_frequencies,6.6922
FAM015096.fasta,LG08_frequencies,6.8632
FAM015133.fasta,LG08_frequencies,6.6131
FAM015247.fasta,LG08_frequencies,6.8454
FAM015251.fasta,LG08_frequencies,6.4125
FAM015306.fasta,LG08_frequencies,7.1131
FAM015279.fasta,LG08_frequencies,6.6193
FAM015327.fasta,LG08_frequencies,6.6921
FAM015331.fasta,LG08_frequencies,5.4639
FAM015231.fasta,LG08_frequencies,7.1135
FAM015269.fasta,LG08_frequencies,6.5759
FAM015361.fasta,LG08_frequencies,7.0198
FAM015403.fasta,LG08_frequencies,6.7423
FAM015397.fasta,LG08_frequencies,6.6608
FAM015510.fasta,LG08_frequencies,5.9448
FAM015447.fasta,LG08_frequencies,5.8637
FAM015462.fasta,LG08_frequencies,6.4642
FAM015526.fasta,LG08_frequencies,5.9370
FAM015555.fasta,LG08_frequencies,6.7329
FAM015584.fasta,LG08_frequencies,5.0780
FAM015471.fasta,LG08_frequencies,6.8883
FAM015586.fasta,LG08_frequencies,6.4668
FAM015557.fasta,LG08_frequencies,6.7513
FAM015627.fasta,LG08_frequencies,7.0232
FAM015675.fasta,LG08_frequencies,5.3416
FAM015440.fasta,LG08_frequencies,6.8697
FAM015650.fasta,LG08_frequencies,6.8517
FAM015696.fasta,LG08_frequencies,6.2577
FAM015706.fasta,LG08_frequencies,4.5475
FAM015707.fasta,LG08_frequencies,1.6808
FAM015595.fasta,LG08_frequencies,5.7552
FAM015713.fasta,LG08_frequencies,5.3448
FAM015778.fasta,LG08_frequencies,6.5419
FAM015734.fasta,LG08_frequencies,5.4903
FAM015709.fasta,LG08_frequencies,6.4131
FAM015735.fasta,LG08_frequencies,6.6561
FAM015785.fasta,LG08_frequencies,3.1577
FAM015801.fasta,LG08_frequencies,6.2138
FAM015812.fasta,LG08_frequencies,6.7612
FAM015721.fasta,LG08_frequencies,6.5954
FAM015809.fasta,LG08_frequencies,6.7308
FAM015805.fasta,LG08_frequencies,6.6285
FAM015821.fasta,LG08_frequencies,6.7797
FAM015829.fasta,LG08_frequencies,4.4345
FAM015816.fasta,LG08_frequencies,6.3215
FAM015826.fasta,LG08_frequencies,7.9216
FAM015854.fasta,LG08_frequencies,6.7547
FAM015851.fasta,LG08_frequencies,6.8371
FAM015855.fasta,LG08_frequencies,6.5930
FAM015823.fasta,LG08_frequencies,6.9552
FAM015865.fasta,LG08_frequencies,6.4569
FAM015878.fasta,LG08_frequencies,6.6542
FAM015815.fasta,LG08_frequencies,6.4762
FAM015873.fasta,LG08_frequencies,7.0976
FAM015892.fasta,LG08_frequencies,6.8209
FAM015890.fasta,LG08_frequencies,6.6695
FAM015904.fasta,LG08_frequencies,6.6128
FAM015926.fasta,LG08_frequencies,6.5327
FAM015966.fasta,LG08_frequencies,6.7455
FAM015937.fasta,LG08_frequencies,6.5859
FAM015853.fasta,LG08_frequencies,6.6506
FAM015981.fasta,LG08_frequencies,5.6082
FAM015950.fasta,LG08_frequencies,5.4003
FAM015985.fasta,LG08_frequencies,6.4248
FAM015986.fasta,LG08_frequencies,6.6569
FAM015996.fasta,LG08_frequencies,5.3241
FAM015983.fasta,LG08_frequencies,6.4827
FAM016009.fasta,LG08_frequencies,6.1818
FAM016002.fasta,LG08_frequencies,6.5708
FAM016029.fasta,LG08_frequencies,5.9705
FAM015882.fasta,LG08_frequencies,6.6701
FAM016019.fasta,LG08_frequencies,5.9700
FAM016005.fasta,LG08_frequencies,6.6153
FAM016036.fasta,LG08_frequencies,6.8533
FAM016011.fasta,LG08_frequencies,6.2982
FAM016039.fasta,LG08_frequencies,6.3842
FAM016070.fasta,LG08_frequencies,6.4425
FAM016123.fasta,LG08_frequencies,6.3003
FAM016149.fasta,LG08_frequencies,5.8645
FAM016079.fasta,LG08_frequencies,5.8564
FAM016146.fasta,LG08_frequencies,6.6733
FAM016075.fasta,LG08_frequencies,6.7740
FAM016161.fasta,LG08_frequencies,6.7956
FAM016219.fasta,LG08_frequencies,6.4917
FAM016216.fasta,LG08_frequencies,7.1091
FAM016224.fasta,LG08_frequencies,6.5719
FAM016206.fasta,LG08_frequencies,6.7140
FAM016230.fasta,LG08_frequencies,6.9311
FAM016223.fasta,LG08_frequencies,6.4103
FAM016246.fasta,LG08_frequencies,6.5963
FAM016335.fasta,LG08_frequencies,5.4457
FAM016301.fasta,LG08_frequencies,6.6313
FAM016180.fasta,LG08_frequencies,8.1050
FAM016367.fasta,LG08_frequencies,6.7269
FAM016364.fasta,LG08_frequencies,6.7969
FAM016401.fasta,LG08_frequencies,6.4671
FAM016415.fasta,LG08_frequencies,6.2120
FAM016412.fasta,LG08_frequencies,6.6296
FAM016438.fasta,LG08_frequencies,7.6165
FAM016436.fasta,LG08_frequencies,6.5457
FAM016361.fasta,LG08_frequencies,6.6750
FAM016456.fasta,LG08_frequencies,6.1439
FAM016232.fasta,LG08_frequencies,6.6296
FAM016279.fasta,LG08_frequencies,6.6367
FAM016450.fasta,LG08_frequencies,6.5781
FAM016487.fasta,LG08_frequencies,6.8579
FAM016500.fasta,LG08_frequencies,6.0739
FAM016529.fasta,LG08_frequencies,6.7783
FAM016493.fasta,LG08_frequencies,5.9660
FAM016440.fasta,LG08_frequencies,6.7032
FAM016551.fasta,LG08_frequencies,6.8827
FAM016594.fasta,LG08_frequencies,6.0401
FAM016588.fasta,LG08_frequencies,6.0174
FAM016598.fasta,LG08_frequencies,6.1788
FAM016462.fasta,LG08_frequencies,6.6825
FAM016632.fasta,LG08_frequencies,6.5083
FAM016565.fasta,LG08_frequencies,6.9427
FAM016618.fasta,LG08_frequencies,6.8499
FAM016673.fasta,LG08_frequencies,6.9842
FAM016675.fasta,LG08_frequencies,7.1176
FAM016688.fasta,LG08_frequencies,6.2869
FAM016695.fasta,LG08_frequencies,6.6243
FAM016752.fasta,LG08_frequencies,6.3641
FAM016761.fasta,LG08_frequencies,6.8592
FAM016816.fasta,LG08_frequencies,6.6702
FAM016822.fasta,LG08_frequencies,3.7699
FAM016827.fasta,LG08_frequencies,5.7164
FAM016829.fasta,LG08_frequencies,4.1073
FAM016700.fasta,LG08_frequencies,6.9271
FAM016891.fasta,LG08_frequencies,4.5568
FAM016855.fasta,LG08_frequencies,6.5576
FAM016806.fasta,LG08_frequencies,6.5192
FAM016842.fasta,LG08_frequencies,5.5025
FAM016892.fasta,LG08_frequencies,6.6809
FAM016953.fasta,LG08_frequencies,5.5486
FAM017020.fasta,LG08_frequencies,6.5712
FAM016985.fasta,LG08_frequencies,6.3089
FAM017027.fasta,LG08_frequencies,6.2164
FAM017028.fasta,LG08_frequencies,6.8598
FAM017025.fasta,LG08_frequencies,6.4523
FAM016940.fasta,LG08_frequencies,7.3484
FAM017029.fasta,LG08_frequencies,6.6453
FAM017032.fasta,LG08_frequencies,7.1873
FAM017042.fasta,LG08_frequencies,5.6142
FAM017053.fasta,LG08_frequencies,6.5440
FAM017069.fasta,LG08_frequencies,6.6550
FAM017064.fasta,LG08_frequencies,6.7161
FAM017089.fasta,LG08_frequencies,6.8680
FAM017121.fasta,LG08_frequencies,6.7732
FAM017060.fasta,LG08_frequencies,6.8871
FAM017095.fasta,LG08_frequencies,7.4986
FAM017249.fasta,LG08_frequencies,5.9290
FAM017199.fasta,LG08_frequencies,6.1005
FAM017361.fasta,LG08_frequencies,8.2494
FAM017198.fasta,LG08_frequencies,6.3370
FAM017174.fasta,LG08_frequencies,6.4970
FAM017590.fasta,LG08_frequencies,5.9361
FAM017880.fasta,LG08_frequencies,6.6173
FAM018572.fasta,LG08_frequencies,6.5176
FAM018783.fasta,LG08_frequencies,7.5024
FAM018459.fasta,LG08_frequencies,6.0483
FAM018763.fasta,LG08_frequencies,6.9864
FAM019380.fasta,LG08_frequencies,6.7854
FAM017263.fasta,LG08_frequencies,6.4710
FAM019001.fasta,LG08_frequencies,7.7682
FAM018886.fasta,LG08_frequencies,6.8215
FAM018609.fasta,LG08_frequencies,6.7376
FAM019520.fasta,LG08_frequencies,6.9542
FAM019653.fasta,LG08_frequencies,6.2025
FAM019563.fasta,LG08_frequencies,7.2705
FAM019799.fasta,LG08_frequencies,7.0757
FAM019740.fasta,LG08_frequencies,6.9238
FAM019586.fasta,LG08_frequencies,6.7692
FAM019709.fasta,LG08_frequencies,6.9287
FAM019554.fasta,LG08_frequencies,6.7260
FAM020065.fasta,LG08_frequencies,6.8643
FAM020082.fasta,LG08_frequencies,7.0002
FAM020094.fasta,LG08_frequencies,7.7302
FAM020092.fasta,LG08_frequencies,7.5635
FAM020229.fasta,LG08_frequencies,7.6002
FAM020489.fasta,LG08_frequencies,7.3871
FAM020380.fasta,LG08_frequencies,7.6410
FAM020570.fasta,LG08_frequencies,6.8350
FAM020814.fasta,LG08_frequencies,6.5502
FAM020793.fasta,LG08_frequencies,6.5058
FAM020673.fasta,LG08_frequencies,6.8201
FAM020815.fasta,LG08_frequencies,6.5493
FAM021007.fasta,LG08_frequencies,6.8018
FAM020953.fasta,LG08_frequencies,6.3341
FAM021087.fasta,LG08_frequencies,7.2528
FAM021030.fasta,LG08_frequencies,6.9320
FAM021044.fasta,LG08_frequencies,6.8517
FAM021688.fasta,LG08_frequencies,6.4224
FAM021459.fasta,LG08_frequencies,5.8944
FAM021474.fasta,LG08_frequencies,7.1030
FAM021098.fasta,LG08_frequencies,6.8641
FAM021718.fasta,LG08_frequencies,6.6313
FAM021734.fasta,LG08_frequencies,7.0002
FAM021901.fasta,LG08_frequencies,6.9594
FAM021836.fasta,LG08_frequencies,6.3732
FAM021902.fasta,LG08_frequencies,7.6611
FAM021702.fasta,LG08_frequencies,7.4241
FAM021948.fasta,LG08_frequencies,6.6319
FAM021984.fasta,LG08_frequencies,5.3166
FAM022120.fasta,LG08_frequencies,6.9319
FAM022115.fasta,LG08_frequencies,6.6190
FAM022285.fasta,LG08_frequencies,6.4076
FAM022381.fasta,LG08_frequencies,7.1137
FAM022403.fasta,LG08_frequencies,6.7395
FAM022591.fasta,LG08_frequencies,8.5233
FAM022741.fasta,LG08_frequencies,4.2386
FAM021911.fasta,LG08_frequencies,6.7013
FAM022853.fasta,LG08_frequencies,2.2535
FAM022869.fasta,LG08_frequencies,6.1457
FAM022754.fasta,LG08_frequencies,6.6192
FAM022464.fasta,LG08_frequencies,7.1982
FAM022956.fasta,LG08_frequencies,6.5892
FAM023020.fasta,LG08_frequencies,6.4490
FAM022980.fasta,LG08_frequencies,6.8312
FAM022880.fasta,LG08_frequencies,6.9758
FAM023138.fasta,LG08_frequencies,6.7380
FAM023285.fasta,LG08_frequencies,7.8501
FAM023066.fasta,LG08_frequencies,3.9420
FAM023290.fasta,LG08_frequencies,6.5584
FAM023400.fasta,LG08_frequencies,6.7207
FAM023328.fasta,LG08_frequencies,7.2362
FAM023676.fasta,LG08_frequencies,6.5042
FAM023535.fasta,LG08_frequencies,6.8352
FAM020314.fasta,LG08_frequencies,7.1739
FAM023730.fasta,LG08_frequencies,7.0986
FAM023903.fasta,LG08_frequencies,6.9552
FAM023481.fasta,LG08_frequencies,5.5572
FAM023910.fasta,LG08_frequencies,7.0269
FAM024094.fasta,LG08_frequencies,6.8686
FAM024225.fasta,LG08_frequencies,5.3800
FAM024057.fasta,LG08_frequencies,6.5826
FAM024030.fasta,LG08_frequencies,6.8287
FAM024286.fasta,LG08_frequencies,7.1736
FAM024229.fasta,LG08_frequencies,6.5212
FAM024608.fasta,LG08_frequencies,4.8619
FAM024458.fasta,LG08_frequencies,7.2804
FAM024660.fasta,LG08_frequencies,6.4871
FAM024814.fasta,LG08_frequencies,6.6070
FAM024623.fasta,LG08_frequencies,6.4662
FAM024785.fasta,LG08_frequencies,6.6478
FAM024496.fasta,LG08_frequencies,6.7482
FAM024833.fasta,LG08_frequencies,6.8445
FAM024934.fasta,LG08_frequencies,6.6820
FAM021712.fasta,LG08_frequencies,6.7530
FAM024826.fasta,LG08_frequencies,6.9260
FAM025125.fasta,LG08_frequencies,5.7872
FAM025108.fasta,LG08_frequencies,5.8608
FAM024939.fasta,LG08_frequencies,6.8252
FAM025288.fasta,LG08_frequencies,6.9274
FAM025448.fasta,LG08_frequencies,6.5499
FAM025310.fasta,LG08_frequencies,6.4951
FAM025224.fasta,LG08_frequencies,6.8272
FAM025531.fasta,LG08_frequencies,6.6804
FAM025250.fasta,LG08_frequencies,7.0834
FAM025528.fasta,LG08_frequencies,6.7786
FAM025664.fasta,LG08_frequencies,6.9630
FAM025189.fasta,LG08_frequencies,6.5674
FAM025483.fasta,LG08_frequencies,6.4699
FAM025740.fasta,LG08_frequencies,6.5848
FAM025910.fasta,LG08_frequencies,7.5273
FAM025652.fasta,LG08_frequencies,6.5191
FAM026133.fasta,LG08_frequencies,6.5589
FAM026145.fasta,LG08_frequencies,5.9208
FAM025917.fasta,LG08_frequencies,5.6484
FAM025990.fasta,LG08_frequencies,6.6375
FAM026086.fasta,LG08_frequencies,6.7411
FAM026359.fasta,LG08_frequencies,6.8155
FAM026333.fasta,LG08_frequencies,7.1474
FAM026348.fasta,LG08_frequencies,6.4907
FAM026334.fasta,LG08_frequencies,6.7509
FAM026350.fasta,LG08_frequencies,6.5892
FAM026372.fasta,LG08_frequencies,6.1680
FAM026391.fasta,LG08_frequencies,6.4885
FAM026410.fasta,LG08_frequencies,6.6659
FAM026426.fasta,LG08_frequencies,6.2008
FAM026423.fasta,LG08_frequencies,6.9231
FAM026417.fasta,LG08_frequencies,6.3545
FAM026438.fasta,LG08_frequencies,6.6805
FAM026462.fasta,LG08_frequencies,7.3646
FAM026464.fasta,LG08_frequencies,4.9002
FAM026455.fasta,LG08_frequencies,6.6024
FAM026448.fasta,LG08_frequencies,6.7829
FAM026488.fasta,LG08_frequencies,6.5982
FAM026376.fasta,LG08_frequencies,6.6318
FAM026487.fasta,LG08_frequencies,6.5660
FAM026523.fasta,LG08_frequencies,7.6777
FAM026497.fasta,LG08_frequencies,6.7696
FAM026524.fasta,LG08_frequencies,6.9700
FAM026529.fasta,LG08_frequencies,6.5664
FAM026553.fasta,LG08_frequencies,5.8232
FAM026580.fasta,LG08_frequencies,7.2162
FAM026549.fasta,LG08_frequencies,6.2821
FAM026616.fasta,LG08_frequencies,6.3591
FAM026572.fasta,LG08_frequencies,6.2696
FAM026594.fasta,LG08_frequencies,6.6572
FAM026624.fasta,LG08_frequencies,6.7479
FAM026653.fasta,LG08_frequencies,6.4092
FAM026652.fasta,LG08_frequencies,6.7700
FAM026600.fasta,LG08_frequencies,6.9490
FAM026674.fasta,LG08_frequencies,6.9202
FAM026663.fasta,LG08_frequencies,6.5711
FAM026699.fasta,LG08_frequencies,6.2428
FAM026686.fasta,LG08_frequencies,6.7495
FAM026731.fasta,LG08_frequencies,5.6142
FAM026732.fasta,LG08_frequencies,5.9462
FAM026744.fasta,LG08_frequencies,7.1847
FAM026760.fasta,LG08_frequencies,6.8521
FAM026747.fasta,LG08_frequencies,6.8774
FAM026761.fasta,LG08_frequencies,5.7289
FAM026776.fasta,LG08_frequencies,6.3659
FAM026778.fasta,LG08_frequencies,6.1840
FAM026762.fasta,LG08_frequencies,6.4089
FAM026781.fasta,LG08_frequencies,6.1381
FAM026664.fasta,LG08_frequencies,6.8557
FAM026815.fasta,LG08_frequencies,5.4433
FAM026799.fasta,LG08_frequencies,7.2891
FAM026798.fasta,LG08_frequencies,6.8400
FAM026844.fasta,LG08_frequencies,6.9099
FAM026502.fasta,LG08_frequencies,6.6635
FAM026823.fasta,LG08_frequencies,6.5673
FAM026857.fasta,LG08_frequencies,6.6577
FAM026822.fasta,LG08_frequencies,6.7472
FAM026779.fasta,LG08_frequencies,6.5199
FAM026884.fasta,LG08_frequencies,6.6102
FAM026885.fasta,LG08_frequencies,4.4839
FAM026887.fasta,LG08_frequencies,6.6482
FAM026849.fasta,LG08_frequencies,7.3475
FAM026883.fasta,LG08_frequencies,6.8252
FAM026904.fasta,LG08_frequencies,5.1636
FAM026893.fasta,LG08_frequencies,3.9343
FAM026899.fasta,LG08_frequencies,7.5294
FAM026908.fasta,LG08_frequencies,5.8528
FAM026903.fasta,LG08_frequencies,6.6761
FAM026929.fasta,LG08_frequencies,5.0430
FAM026920.fasta,LG08_frequencies,5.7576
FAM026931.fasta,LG08_frequencies,7.2027
FAM026949.fasta,LG08_frequencies,6.1895
FAM026888.fasta,LG08_frequencies,6.2142
FAM026964.fasta,LG08_frequencies,4.2602
FAM026954.fasta,LG08_frequencies,6.6354
FAM026957.fasta,LG08_frequencies,7.2407
FAM026951.fasta,LG08_frequencies,6.4633
FAM026988.fasta,LG08_frequencies,6.2545
FAM026918.fasta,LG08_frequencies,7.4305
FAM026971.fasta,LG08_frequencies,7.7115
FAM026975.fasta,LG08_frequencies,6.4145
FAM027004.fasta,LG08_frequencies,6.1431
FAM027011.fasta,LG08_frequencies,6.9320
FAM027014.fasta,LG08_frequencies,3.4254
FAM027029.fasta,LG08_frequencies,5.2745
FAM027041.fasta,LG08_frequencies,4.4375
FAM027034.fasta,LG08_frequencies,4.8859
FAM027022.fasta,LG08_frequencies,6.5446
FAM027042.fasta,LG08_frequencies,6.1071
FAM027066.fasta,LG08_frequencies,6.7744
FAM027057.fasta,LG08_frequencies,6.9991
FAM027075.fasta,LG08_frequencies,6.6672
FAM027063.fasta,LG08_frequencies,4.8434
FAM027080.fasta,LG08_frequencies,6.3243
FAM026989.fasta,LG08_frequencies,7.2993
FAM027085.fasta,LG08_frequencies,7.4560
FAM027107.fasta,LG08_frequencies,5.6538
FAM027105.fasta,LG08_frequencies,7.2378
FAM027115.fasta,LG08_frequencies,5.5575
FAM027090.fasta,LG08_frequencies,6.6056
FAM027102.fasta,LG08_frequencies,6.9880
FAM027135.fasta,LG08_frequencies,6.6788
FAM027127.fasta,LG08_frequencies,7.3678
FAM027138.fasta,LG08_frequencies,7.6586
FAM027121.fasta,LG08_frequencies,5.3324
FAM027006.fasta,LG08_frequencies,6.8436
FAM027143.fasta,LG08_frequencies,7.7812
FAM027145.fasta,LG08_frequencies,7.1409
FAM027140.fasta,LG08_frequencies,6.8189
FAM027174.fasta,LG08_frequencies,6.5630
FAM027203.fasta,LG08_frequencies,6.9191
FAM027198.fasta,LG08_frequencies,5.6789
FAM027159.fasta,LG08_frequencies,6.8205
FAM027193.fasta,LG08_frequencies,6.8646
FAM027212.fasta,LG08_frequencies,6.9869
FAM027178.fasta,LG08_frequencies,6.8853
FAM027215.fasta,LG08_frequencies,7.2595
FAM027220.fasta,LG08_frequencies,6.4096
FAM027216.fasta,LG08_frequencies,6.4224
FAM027219.fasta,LG08_frequencies,6.6329
FAM027223.fasta,LG08_frequencies,6.8413
FAM027231.fasta,LG08_frequencies,6.5578
FAM027236.fasta,LG08_frequencies,6.6891
FAM027256.fasta,LG08_frequencies,5.0128
FAM027247.fasta,LG08_frequencies,6.5979
FAM027244.fasta,LG08_frequencies,5.3637
FAM027261.fasta,LG08_frequencies,5.4886
FAM027267.fasta,LG08_frequencies,6.6836
FAM027269.fasta,LG08_frequencies,6.5401
FAM027271.fasta,LG08_frequencies,6.1398
FAM027284.fasta,LG08_frequencies,7.0665
FAM027222.fasta,LG08_frequencies,6.6157
FAM027263.fasta,LG08_frequencies,6.8771
FAM027290.fasta,LG08_frequencies,6.7224
FAM027288.fasta,LG08_frequencies,6.5051
FAM027234.fasta,LG08_frequencies,6.3630
FAM027292.fasta,LG08_frequencies,6.8379
FAM027298.fasta,LG08_frequencies,4.9540
FAM027300.fasta,LG08_frequencies,6.4635
FAM027306.fasta,LG08_frequencies,6.4785
FAM027320.fasta,LG08_frequencies,6.6258
FAM027323.fasta,LG08_frequencies,5.0277
FAM027322.fasta,LG08_frequencies,6.4030
FAM027326.fasta,LG08_frequencies,6.1851
FAM027337.fasta,LG08_frequencies,7.0769
FAM027324.fasta,LG08_frequencies,6.7112
FAM027330.fasta,LG08_frequencies,6.1991
FAM027347.fasta,LG08_frequencies,4.7531
FAM027364.fasta,LG08_frequencies,7.0402
FAM027338.fasta,LG08_frequencies,4.9895
FAM027386.fasta,LG08_frequencies,5.2439
FAM027335.fasta,LG08_frequencies,6.3750
FAM027375.fasta,LG08_frequencies,6.9777
FAM027302.fasta,LG08_frequencies,6.4149
FAM027399.fasta,LG08_frequencies,6.4348
FAM027393.fasta,LG08_frequencies,5.2768
FAM027404.fasta,LG08_frequencies,5.8517
FAM027408.fasta,LG08_frequencies,4.8413
FAM027402.fasta,LG08_frequencies,6.7757
FAM027410.fasta,LG08_frequencies,6.8287
FAM027422.fasta,LG08_frequencies,7.0685
FAM027396.fasta,LG08_frequencies,6.4076
FAM027409.fasta,LG08_frequencies,7.1545
FAM027425.fasta,LG08_frequencies,5.7393
FAM027428.fasta,LG08_frequencies,6.8251
FAM027444.fasta,LG08_frequencies,6.7577
FAM027427.fasta,LG08_frequencies,7.0204
FAM027358.fasta,LG08_frequencies,7.2340
FAM027432.fasta,LG08_frequencies,6.6670
FAM027489.fasta,LG08_frequencies,6.6892
FAM027465.fasta,LG08_frequencies,6.1012
FAM027452.fasta,LG08_frequencies,6.6078
FAM027494.fasta,LG08_frequencies,6.5592
FAM027501.fasta,LG08_frequencies,5.7761
FAM027455.fasta,LG08_frequencies,7.1136
FAM027491.fasta,LG08_frequencies,6.6666
FAM027467.fasta,LG08_frequencies,6.2805
FAM027505.fasta,LG08_frequencies,7.0900
FAM027504.fasta,LG08_frequencies,5.2655
FAM027520.fasta,LG08_frequencies,6.9176
FAM027509.fasta,LG08_frequencies,6.6623
FAM027515.fasta,LG08_frequencies,6.6722
FAM027516.fasta,LG08_frequencies,7.1061
FAM027507.fasta,LG08_frequencies,5.9310
FAM027546.fasta,LG08_frequencies,6.0233
FAM027526.fasta,LG08_frequencies,5.5684
FAM027537.fasta,LG08_frequencies,5.5533
FAM027536.fasta,LG08_frequencies,6.4163
FAM027572.fasta,LG08_frequencies,6.6537
FAM027580.fasta,LG08_frequencies,4.2046
FAM027578.fasta,LG08_frequencies,6.3826
FAM027582.fasta,LG08_frequencies,5.8774
FAM027547.fasta,LG08_frequencies,6.6274
FAM027571.fasta,LG08_frequencies,5.6049
FAM027591.fasta,LG08_frequencies,6.4745
FAM027593.fasta,LG08_frequencies,6.3114
FAM027611.fasta,LG08_frequencies,6.8567
FAM027608.fasta,LG08_frequencies,6.6974
FAM027630.fasta,LG08_frequencies,5.2123
FAM027631.fasta,LG08_frequencies,5.7091
FAM027649.fasta,LG08_frequencies,6.3978
FAM027660.fasta,LG08_frequencies,6.5468
FAM027663.fasta,LG08_frequencies,5.4766
FAM027664.fasta,LG08_frequencies,6.4605
FAM027681.fasta,LG08_frequencies,6.8656
FAM027667.fasta,LG08_frequencies,6.3604
FAM027676.fasta,LG08_frequencies,6.3500
FAM027683.fasta,LG08_frequencies,6.7796
FAM027711.fasta,LG08_frequencies,4.0125
FAM027601.fasta,LG08_frequencies,6.6189
FAM027684.fasta,LG08_frequencies,6.4956
FAM027715.fasta,LG08_frequencies,5.4347
FAM027716.fasta,LG08_frequencies,6.5821
FAM027567.fasta,LG08_frequencies,7.2683
FAM027719.fasta,LG08_frequencies,6.2897
FAM027723.fasta,LG08_frequencies,4.7130
FAM027731.fasta,LG08_frequencies,5.9481
FAM027720.fasta,LG08_frequencies,6.9946
FAM027740.fasta,LG08_frequencies,6.4592
FAM027799.fasta,LG08_frequencies,4.7377
FAM027804.fasta,LG08_frequencies,4.8708
FAM027805.fasta,LG08_frequencies,5.7590
FAM027759.fasta,LG08_frequencies,6.6571
FAM027830.fasta,LG08_frequencies,5.3475
FAM027836.fasta,LG08_frequencies,6.9233
FAM027850.fasta,LG08_frequencies,6.4962
FAM027841.fasta,LG08_frequencies,6.7910
FAM027832.fasta,LG08_frequencies,6.6845
FAM027823.fasta,LG08_frequencies,6.6703
FAM027692.fasta,LG08_frequencies,5.8569
FAM027854.fasta,LG08_frequencies,6.6519
FAM027861.fasta,LG08_frequencies,6.4374
FAM027851.fasta,LG08_frequencies,5.6145
FAM027856.fasta,LG08_frequencies,6.9735
FAM027868.fasta,LG08_frequencies,6.6474
FAM027889.fasta,LG08_frequencies,3.6700
FAM027852.fasta,LG08_frequencies,5.8508
FAM027917.fasta,LG08_frequencies,7.2988
FAM027924.fasta,LG08_frequencies,5.9306
FAM027864.fasta,LG08_frequencies,6.7688
FAM027927.fasta,LG08_frequencies,6.8710
FAM027946.fasta,LG08_frequencies,5.0531
FAM027920.fasta,LG08_frequencies,6.5380
FAM027866.fasta,LG08_frequencies,6.6247
FAM027961.fasta,LG08_frequencies,6.8309
FAM027955.fasta,LG08_frequencies,5.4772
FAM027972.fasta,LG08_frequencies,6.8292
FAM027940.fasta,LG08_frequencies,6.6767
FAM027992.fasta,LG08_frequencies,7.7762
FAM027974.fasta,LG08_frequencies,6.7123
FAM027994.fasta,LG08_frequencies,4.0709
FAM027998.fasta,LG08_frequencies,4.4134
FAM027962.fasta,LG08_frequencies,6.6982
FAM027996.fasta,LG08_frequencies,4.3570
FAM028018.fasta,LG08_frequencies,7.3333
FAM027970.fasta,LG08_frequencies,5.5722
FAM028013.fasta,LG08_frequencies,6.7389
FAM027919.fasta,LG08_frequencies,6.7121
FAM028005.fasta,LG08_frequencies,6.9214
FAM028024.fasta,LG08_frequencies,5.6715
FAM028052.fasta,LG08_frequencies,6.4995
FAM028074.fasta,LG08_frequencies,4.7381
FAM028021.fasta,LG08_frequencies,6.8720
FAM028050.fasta,LG08_frequencies,6.6899
FAM028076.fasta,LG08_frequencies,7.3065
FAM028079.fasta,LG08_frequencies,6.2940
FAM028048.fasta,LG08_frequencies,6.9604
FAM028095.fasta,LG08_frequencies,5.5169
FAM028054.fasta,LG08_frequencies,6.4389
FAM028097.fasta,LG08_frequencies,6.4399
FAM028104.fasta,LG08_frequencies,2.6330
FAM028126.fasta,LG08_frequencies,4.3628
FAM028114.fasta,LG08_frequencies,6.5737
FAM028081.fasta,LG08_frequencies,6.6825
FAM028131.fasta,LG08_frequencies,5.9423
FAM028086.fasta,LG08_frequencies,7.0280
FAM028161.fasta,LG08_frequencies,6.4557
FAM028144.fasta,LG08_frequencies,6.7493
FAM028191.fasta,LG08_frequencies,6.8713
FAM028093.fasta,LG08_frequencies,7.3894
FAM028186.fasta,LG08_frequencies,6.4758
FAM028181.fasta,LG08_frequencies,6.5689
FAM028197.fasta,LG08_frequencies,5.8212
FAM028204.fasta,LG08_frequencies,6.4083
FAM028206.fasta,LG08_frequencies,6.6053
FAM028239.fasta,LG08_frequencies,6.9846
FAM028229.fasta,LG08_frequencies,6.7275
FAM028260.fasta,LG08_frequencies,5.5693
FAM028255.fasta,LG08_frequencies,6.7441
FAM028178.fasta,LG08_frequencies,7.2923
FAM028268.fasta,LG08_frequencies,6.4520
FAM028267.fasta,LG08_frequencies,6.8661
FAM028277.fasta,LG08_frequencies,6.2132
FAM028244.fasta,LG08_frequencies,6.4800
FAM028276.fasta,LG08_frequencies,6.7720
FAM028243.fasta,LG08_frequencies,6.3357
FAM028336.fasta,LG08_frequencies,4.9350
FAM028364.fasta,LG08_frequencies,6.6279
FAM028357.fasta,LG08_frequencies,7.0157
FAM028310.fasta,LG08_frequencies,6.6059
FAM028273.fasta,LG08_frequencies,7.5909
FAM028398.fasta,LG08_frequencies,5.9107
FAM028369.fasta,LG08_frequencies,6.9486
FAM028401.fasta,LG08_frequencies,6.4486
FAM028377.fasta,LG08_frequencies,6.5959
FAM028412.fasta,LG08_frequencies,5.8770
FAM028404.fasta,LG08_frequencies,6.5549
FAM028393.fasta,LG08_frequencies,6.7119
FAM028282.fasta,LG08_frequencies,6.6715
FAM028462.fasta,LG08_frequencies,7.0591
FAM028449.fasta,LG08_frequencies,3.4866
FAM028429.fasta,LG08_frequencies,6.7717
FAM028464.fasta,LG08_frequencies,5.7010
FAM028413.fasta,LG08_frequencies,6.6821
FAM028431.fasta,LG08_frequencies,6.5657
FAM028497.fasta,LG08_frequencies,5.7808
FAM028493.fasta,LG08_frequencies,5.2124
FAM028471.fasta,LG08_frequencies,7.1118
FAM028499.fasta,LG08_frequencies,6.9657
FAM028470.fasta,LG08_frequencies,6.5604
FAM028494.fasta,LG08_frequencies,6.3938
FAM028504.fasta,LG08_frequencies,6.6885
FAM028509.fasta,LG08_frequencies,7.0097
FAM028526.fasta,LG08_frequencies,6.7002
FAM028510.fasta,LG08_frequencies,6.9570
FAM028517.fasta,LG08_frequencies,6.4413
FAM028532.fasta,LG08_frequencies,6.2255
FAM028540.fasta,LG08_frequencies,7.3928
FAM028548.fasta,LG08_frequencies,5.9335
FAM028531.fasta,LG08_frequencies,4.8818
FAM028543.fasta,LG08_frequencies,6.7727
FAM028547.fasta,LG08_frequencies,5.4664
FAM028551.fasta,LG08_frequencies,6.2056
FAM028646.fasta,LG08_frequencies,7.3334
FAM028553.fasta,LG08_frequencies,5.6735
FAM028701.fasta,LG08_frequencies,5.9838
FAM028805.fasta,LG08_frequencies,6.8375
FAM028813.fasta,LG08_frequencies,7.2516
FAM028692.fasta,LG08_frequencies,6.9975
FAM028917.fasta,LG08_frequencies,6.2412
FAM028653.fasta,LG08_frequencies,7.0884
FAM028995.fasta,LG08_frequencies,6.9646
FAM029083.fasta,LG08_frequencies,6.8684
FAM028515.fasta,LG08_frequencies,7.0460
FAM029244.fasta,LG08_frequencies,6.8826
FAM029306.fasta,LG08_frequencies,6.8648
FAM028851.fasta,LG08_frequencies,6.4827
FAM029329.fasta,LG08_frequencies,6.9940
FAM029263.fasta,LG08_frequencies,7.3576
FAM029327.fasta,LG08_frequencies,6.9389
FAM029596.fasta,LG08_frequencies,7.7921
FAM029536.fasta,LG08_frequencies,4.4839
FAM029568.fasta,LG08_frequencies,6.9603
FAM029614.fasta,LG08_frequencies,6.5441
FAM029746.fasta,LG08_frequencies,6.6529
FAM029772.fasta,LG08_frequencies,7.2165
FAM029931.fasta,LG08_frequencies,5.9635
FAM029808.fasta,LG08_frequencies,7.2198
FAM029993.fasta,LG08_frequencies,3.7684
FAM030000.fasta,LG08_frequencies,6.4573
FAM030067.fasta,LG08_frequencies,5.9456
FAM030135.fasta,LG08_frequencies,6.9165
FAM029573.fasta,LG08_frequencies,6.9382
FAM030150.fasta,LG08_frequencies,7.0642
FAM030171.fasta,LG08_frequencies,6.8558
FAM030468.fasta,LG08_frequencies,5.9958
FAM030628.fasta,LG08_frequencies,6.5143
FAM030821.fasta,LG08_frequencies,6.4539
FAM030241.fasta,LG08_frequencies,7.1734
FAM030822.fasta,LG08_frequencies,6.3234
FAM029418.fasta,LG08_frequencies,6.6927
FAM030743.fasta,LG08_frequencies,6.6878
FAM031310.fasta,LG08_frequencies,6.6709
FAM031402.fasta,LG08_frequencies,5.2681
FAM031532.fasta,LG08_frequencies,5.6592
FAM030863.fasta,LG08_frequencies,7.3500
FAM031585.fasta,LG08_frequencies,6.6056
FAM031531.fasta,LG08_frequencies,6.7201
FAM031163.fasta,LG08_frequencies,6.5519
FAM031685.fasta,LG08_frequencies,6.2457
FAM031606.fasta,LG08_frequencies,7.1644
FAM031846.fasta,LG08_frequencies,7.1536
FAM031879.fasta,LG08_frequencies,7.4765
FAM031935.fasta,LG08_frequencies,6.7994
FAM032064.fasta,LG08_frequencies,4.7760
FAM032120.fasta,LG08_frequencies,6.7163
FAM031939.fasta,LG08_frequencies,6.9140
FAM032113.fasta,LG08_frequencies,5.6747
FAM032275.fasta,LG08_frequencies,6.7875
FAM031971.fasta,LG08_frequencies,6.0144
FAM030967.fasta,LG08_frequencies,6.4999
FAM032235.fasta,LG08_frequencies,7.7754
FAM032408.fasta,LG08_frequencies,6.6344
FAM032990.fasta,LG08_frequencies,6.2721
FAM033278.fasta,LG08_frequencies,7.4327
FAM033546.fasta,LG08_frequencies,6.6884
FAM033840.fasta,LG08_frequencies,8.2088
FAM033635.fasta,LG08_frequencies,6.5497
FAM033627.fasta,LG08_frequencies,6.9541
FAM033996.fasta,LG08_frequencies,7.0147
FAM033276.fasta,LG08_frequencies,6.5526
FAM034222.fasta,LG08_frequencies,6.5490
FAM033856.fasta,LG08_frequencies,7.0481
FAM034340.fasta,LG08_frequencies,6.9328
FAM035836.fasta,LG08_frequencies,6.8970
FAM035825.fasta,LG08_frequencies,6.6903
FAM035441.fasta,LG08_frequencies,6.5484
FAM033850.fasta,LG08_frequencies,6.9583
FAM035850.fasta,LG08_frequencies,6.6046
FAM036105.fasta,LG08_frequencies,6.9842
FAM035747.fasta,LG08_frequencies,6.7704
FAM036116.fasta,LG08_frequencies,6.2373
FAM036112.fasta,LG08_frequencies,7.3349
FAM036154.fasta,LG08_frequencies,6.3974
FAM036104.fasta,LG08_frequencies,7.2873
FAM036158.fasta,LG08_frequencies,4.1023
FAM036142.fasta,LG08_frequencies,6.6034
FAM036176.fasta,LG08_frequencies,8.9503
FAM036187.fasta,LG08_frequencies,3.7597
FAM036196.fasta,LG08_frequencies,6.4162
FAM036173.fasta,LG08_frequencies,6.8188
FAM036210.fasta,LG08_frequencies,6.9443
FAM036201.fasta,LG08_frequencies,5.6245
FAM036204.fasta,LG08_frequencies,6.7037
FAM036249.fasta,LG08_frequencies,7.2262
FAM036254.fasta,LG08_frequencies,6.1114
FAM036227.fasta,LG08_frequencies,6.5186
FAM036255.fasta,LG08_frequencies,5.9362
FAM036262.fasta,LG08_frequencies,4.5172
FAM036278.fasta,LG08_frequencies,9.4351
FAM036330.fasta,LG08_frequencies,10.0924
FAM036129.fasta,LG08_frequencies,7.3549
FAM036279.fasta,LG08_frequencies,5.9724
FAM036270.fasta,LG08_frequencies,4.8655
FAM036336.fasta,LG08_frequencies,6.8538
FAM036344.fasta,LG08_frequencies,8.3800
FAM036258.fasta,LG08_frequencies,6.7756
FAM036366.fasta,LG08_frequencies,6.4199
FAM036370.fasta,LG08_frequencies,7.2651
FAM036367.fasta,LG08_frequencies,6.1972
FAM036347.fasta,LG08_frequencies,6.5132
FAM036334.fasta,LG08_frequencies,6.8954
FAM036389.fasta,LG08_frequencies,8.7116
FAM036363.fasta,LG08_frequencies,6.5935
FAM036420.fasta,LG08_frequencies,7.2084
FAM036376.fasta,LG08_frequencies,6.7759
FAM036440.fasta,LG08_frequencies,7.1155
FAM036403.fasta,LG08_frequencies,5.9897
FAM036427.fasta,LG08_frequencies,6.1577
FAM036458.fasta,LG08_frequencies,6.7682
FAM036462.fasta,LG08_frequencies,8.1375
FAM036470.fasta,LG08_frequencies,6.8829
FAM036473.fasta,LG08_frequencies,5.6744
FAM036457.fasta,LG08_frequencies,7.7547
FAM036488.fasta,LG08_frequencies,7.1262
FAM036472.fasta,LG08_frequencies,7.3675
FAM036484.fasta,LG08_frequencies,6.8193
FAM036421.fasta,LG08_frequencies,4.9839
FAM036543.fasta,LG08_frequencies,6.7299
FAM036492.fasta,LG08_frequencies,8.4568
FAM036544.fasta,LG08_frequencies,8.0789
FAM036525.fasta,LG08_frequencies,5.5315
FAM036530.fasta,LG08_frequencies,6.2498
FAM036557.fasta,LG08_frequencies,7.6949
FAM036545.fasta,LG08_frequencies,6.5072
FAM036580.fasta,LG08_frequencies,6.6742
FAM036601.fasta,LG08_frequencies,9.5404
FAM036547.fasta,LG08_frequencies,6.9339
FAM036578.fasta,LG08_frequencies,5.9092
FAM036585.fasta,LG08_frequencies,7.5467
FAM036608.fasta,LG08_frequencies,6.6728
FAM036602.fasta,LG08_frequencies,3.0675
FAM036565.fasta,LG08_frequencies,6.7600
FAM036604.fasta,LG08_frequencies,6.4999
FAM036618.fasta,LG08_frequencies,6.5246
FAM036625.fasta,LG08_frequencies,6.5846
FAM036633.fasta,LG08_frequencies,5.8860
FAM036626.fasta,LG08_frequencies,7.0984
FAM036645.fasta,LG08_frequencies,7.6183
FAM036653.fasta,LG08_frequencies,7.7096
FAM036646.fasta,LG08_frequencies,7.1438
FAM036640.fasta,LG08_frequencies,8.2443
FAM036649.fasta,LG08_frequencies,7.3817
FAM036655.fasta,LG08_frequencies,6.6695
FAM036667.fasta,LG08_frequencies,6.8849
FAM036613.fasta,LG08_frequencies,6.7490
FAM036663.fasta,LG08_frequencies,6.4277
FAM036654.fasta,LG08_frequencies,6.6024
FAM036699.fasta,LG08_frequencies,6.8742
FAM036690.fasta,LG08_frequencies,3.5785
FAM036670.fasta,LG08_frequencies,5.0642
FAM036669.fasta,LG08_frequencies,6.4725
FAM036665.fasta,LG08_frequencies,7.9568
FAM036702.fasta,LG08_frequencies,4.1923
FAM036742.fasta,LG08_frequencies,8.2144
FAM036705.fasta,LG08_frequencies,6.8027
FAM036747.fasta,LG08_frequencies,15.0185
FAM036738.fasta,LG08_frequencies,6.6813
FAM036724.fasta,LG08_frequencies,4.8904
FAM036743.fasta,LG08_frequencies,7.2619
FAM036748.fasta,LG08_frequencies,7.0490
FAM036712.fasta,LG08_frequencies,6.7780
FAM036754.fasta,LG08_frequencies,4.9935
FAM036789.fasta,LG08_frequencies,6.4669
FAM036766.fasta,LG08_frequencies,5.3000
FAM036756.fasta,LG08_frequencies,7.3460
FAM036814.fasta,LG08_frequencies,5.3453
FAM036805.fasta,LG08_frequencies,6.7531
FAM036815.fasta,LG08_frequencies,6.4465
FAM036797.fasta,LG08_frequencies,8.4337
FAM036816.fasta,LG08_frequencies,5.7503
FAM036774.fasta,LG08_frequencies,7.5721
FAM036826.fasta,LG08_frequencies,4.3207
FAM036818.fasta,LG08_frequencies,2.8653
FAM036852.fasta,LG08_frequencies,7.1140
FAM036773.fasta,LG08_frequencies,6.7918
FAM036874.fasta,LG08_frequencies,5.8163
FAM036880.fasta,LG08_frequencies,7.3227
FAM036856.fasta,LG08_frequencies,7.3236
FAM036881.fasta,LG08_frequencies,5.2427
FAM036889.fasta,LG08_frequencies,7.7353
FAM036923.fasta,LG08_frequencies,4.9558
FAM036878.fasta,LG08_frequencies,6.3926
FAM036943.fasta,LG08_frequencies,6.1543
FAM036917.fasta,LG08_frequencies,6.4952
FAM036964.fasta,LG08_frequencies,7.7834
FAM036909.fasta,LG08_frequencies,6.8732
FAM036887.fasta,LG08_frequencies,6.8136
FAM036987.fasta,LG08_frequencies,4.4032
FAM037000.fasta,LG08_frequencies,3.9010
FAM036978.fasta,LG08_frequencies,5.8351
FAM037007.fasta,LG08_frequencies,5.0433
FAM037002.fasta,LG08_frequencies,8.7755
FAM036970.fasta,LG08_frequencies,6.6057
FAM037037.fasta,LG08_frequencies,5.2174
FAM037038.fasta,LG08_frequencies,6.3772
FAM037026.fasta,LG08_frequencies,7.2906
FAM037039.fasta,LG08_frequencies,6.6554
FAM037045.fasta,LG08_frequencies,5.9663
FAM037041.fasta,LG08_frequencies,7.6671
FAM037066.fasta,LG08_frequencies,6.7080
FAM037067.fasta,LG08_frequencies,6.0726
FAM037057.fasta,LG08_frequencies,5.7296
FAM037043.fasta,LG08_frequencies,7.4608
FAM037063.fasta,LG08_frequencies,6.7046
FAM037087.fasta,LG08_frequencies,5.2736
FAM037015.fasta,LG08_frequencies,6.8140
FAM037092.fasta,LG08_frequencies,5.9469
FAM037097.fasta,LG08_frequencies,6.6809
FAM037100.fasta,LG08_frequencies,6.8784
FAM037094.fasta,LG08_frequencies,4.2975
FAM037104.fasta,LG08_frequencies,5.4738
FAM037111.fasta,LG08_frequencies,3.3920
FAM037122.fasta,LG08_frequencies,5.3365
FAM037107.fasta,LG08_frequencies,8.0305
FAM037116.fasta,LG08_frequencies,6.8321
FAM037156.fasta,LG08_frequencies,7.1241
FAM037184.fasta,LG08_frequencies,6.6104
FAM037138.fasta,LG08_frequencies,5.6983
FAM037177.fasta,LG08_frequencies,6.5650
FAM037193.fasta,LG08_frequencies,5.7080
FAM037176.fasta,LG08_frequencies,4.6683
FAM037205.fasta,LG08_frequencies,6.7599
FAM037211.fasta,LG08_frequencies,6.5278
FAM037256.fasta,LG08_frequencies,7.1061
FAM037242.fasta,LG08_frequencies,6.7763
FAM037265.fasta,LG08_frequencies,7.8200
FAM037245.fasta,LG08_frequencies,6.6708
FAM037246.fasta,LG08_frequencies,6.6487
FAM037266.fasta,LG08_frequencies,6.2581
FAM037264.fasta,LG08_frequencies,6.9740
FAM037274.fasta,LG08_frequencies,5.4171
FAM037312.fasta,LG08_frequencies,6.6322
FAM037309.fasta,LG08_frequencies,5.8803
FAM037315.fasta,LG08_frequencies,4.1543
FAM037098.fasta,LG08_frequencies,6.7902
FAM037329.fasta,LG08_frequencies,6.3753
FAM037321.fasta,LG08_frequencies,6.6205
FAM037295.fasta,LG08_frequencies,7.1379
FAM037332.fasta,LG08_frequencies,6.6337
FAM037343.fasta,LG08_frequencies,6.9359
FAM037340.fasta,LG08_frequencies,4.8715
FAM037334.fasta,LG08_frequencies,6.8911
FAM037348.fasta,LG08_frequencies,6.5813
FAM037360.fasta,LG08_frequencies,8.6065
FAM037376.fasta,LG08_frequencies,7.0359
FAM037381.fasta,LG08_frequencies,9.1473
FAM037341.fasta,LG08_frequencies,7.0237
FAM037359.fasta,LG08_frequencies,7.3201
FAM037318.fasta,LG08_frequencies,7.1848
FAM037385.fasta,LG08_frequencies,4.1887
FAM037383.fasta,LG08_frequencies,6.9623
FAM037377.fasta,LG08_frequencies,4.6026
FAM037394.fasta,LG08_frequencies,7.6450
FAM037387.fasta,LG08_frequencies,6.9431
FAM037413.fasta,LG08_frequencies,11.2448
FAM037412.fasta,LG08_frequencies,4.3443
FAM037391.fasta,LG08_frequencies,6.5812
FAM037400.fasta,LG08_frequencies,4.6838
FAM037424.fasta,LG08_frequencies,6.4118
FAM037439.fasta,LG08_frequencies,6.7505
FAM037396.fasta,LG08_frequencies,6.4004
FAM037437.fasta,LG08_frequencies,5.9114
FAM037429.fasta,LG08_frequencies,7.2804
FAM037463.fasta,LG08_frequencies,6.4506
FAM037464.fasta,LG08_frequencies,9.6717
FAM037449.fasta,LG08_frequencies,7.0843
FAM037471.fasta,LG08_frequencies,6.9571
FAM037451.fasta,LG08_frequencies,6.9373
FAM037502.fasta,LG08_frequencies,6.4762
FAM037481.fasta,LG08_frequencies,6.3216
FAM037460.fasta,LG08_frequencies,7.2372
FAM037512.fasta,LG08_frequencies,7.1800
FAM037513.fasta,LG08_frequencies,3.0103
FAM037511.fasta,LG08_frequencies,6.7385
FAM037458.fasta,LG08_frequencies,6.3654
FAM037533.fasta,LG08_frequencies,5.6468
FAM037517.fasta,LG08_frequencies,6.5382
FAM037519.fasta,LG08_frequencies,6.5260
FAM037534.fasta,LG08_frequencies,5.2380
FAM037520.fasta,LG08_frequencies,5.5268
FAM037551.fasta,LG08_frequencies,5.7421
FAM037559.fasta,LG08_frequencies,4.2235
FAM037531.fasta,LG08_frequencies,7.1537
FAM037549.fasta,LG08_frequencies,8.2527
FAM037558.fasta,LG08_frequencies,7.4114
FAM037568.fasta,LG08_frequencies,6.6205
FAM037579.fasta,LG08_frequencies,5.6728
FAM037598.fasta,LG08_frequencies,3.6497
FAM037602.fasta,LG08_frequencies,4.7633
FAM037621.fasta,LG08_frequencies,6.7808
FAM037576.fasta,LG08_frequencies,7.1159
FAM037593.fasta,LG08_frequencies,6.0328
FAM037624.fasta,LG08_frequencies,5.8120
FAM037613.fasta,LG08_frequencies,6.9917
FAM037566.fasta,LG08_frequencies,8.1941
FAM037632.fasta,LG08_frequencies,9.2502
FAM037627.fasta,LG08_frequencies,6.9203
FAM037623.fasta,LG08_frequencies,6.5750
FAM037642.fasta,LG08_frequencies,6.4150
FAM037633.fasta,LG08_frequencies,7.2393
FAM037645.fasta,LG08_frequencies,5.8077
FAM037647.fasta,LG08_frequencies,8.3253
FAM037648.fasta,LG08_frequencies,7.2089
FAM037637.fasta,LG08_frequencies,7.1906
FAM037655.fasta,LG08_frequencies,4.9839
FAM037665.fasta,LG08_frequencies,6.7893
FAM037666.fasta,LG08_frequencies,4.7066
FAM037675.fasta,LG08_frequencies,6.5526
FAM037678.fasta,LG08_frequencies,4.8736
FAM037682.fasta,LG08_frequencies,6.7746
FAM037687.fasta,LG08_frequencies,6.6599
FAM037688.fasta,LG08_frequencies,5.5973
FAM037689.fasta,LG08_frequencies,5.1533
FAM037649.fasta,LG08_frequencies,6.7832
FAM037706.fasta,LG08_frequencies,4.6756
FAM037696.fasta,LG08_frequencies,6.7794
FAM037707.fasta,LG08_frequencies,6.6475
FAM037721.fasta,LG08_frequencies,7.7564
FAM037713.fasta,LG08_frequencies,5.8759
FAM037697.fasta,LG08_frequencies,7.3699
FAM037732.fasta,LG08_frequencies,10.0407
FAM037734.fasta,LG08_frequencies,8.4055
FAM037730.fasta,LG08_frequencies,8.6367
FAM037749.fasta,LG08_frequencies,11.9873
FAM037724.fasta,LG08_frequencies,6.7876
FAM037760.fasta,LG08_frequencies,7.8879
FAM037742.fasta,LG08_frequencies,6.0945
FAM037786.fasta,LG08_frequencies,5.8808
FAM037794.fasta,LG08_frequencies,5.7289
FAM037795.fasta,LG08_frequencies,6.4032
FAM037800.fasta,LG08_frequencies,4.8158
FAM037802.fasta,LG08_frequencies,2.1947
FAM037799.fasta,LG08_frequencies,5.0794
FAM037808.fasta,LG08_frequencies,6.3315
FAM037806.fasta,LG08_frequencies,6.6364
FAM037751.fasta,LG08_frequencies,6.7261
FAM037815.fasta,LG08_frequencies,7.3623
FAM037836.fasta,LG08_frequencies,6.5487
FAM037814.fasta,LG08_frequencies,8.8113
FAM037835.fasta,LG08_frequencies,7.4766
FAM037816.fasta,LG08_frequencies,5.8178
FAM037839.fasta,LG08_frequencies,7.6177
FAM037837.fasta,LG08_frequencies,6.7584
FAM037842.fasta,LG08_frequencies,10.5504
FAM037841.fasta,LG08_frequencies,7.2694
FAM037838.fasta,LG08_frequencies,6.6838
FAM037862.fasta,LG08_frequencies,6.4559
FAM037858.fasta,LG08_frequencies,8.1412
FAM037848.fasta,LG08_frequencies,6.7163
FAM037870.fasta,LG08_frequencies,6.8828
FAM037881.fasta,LG08_frequencies,7.0230
FAM037887.fasta,LG08_frequencies,4.6121
FAM037878.fasta,LG08_frequencies,6.7497
FAM037907.fasta,LG08_frequencies,6.5443
FAM037897.fasta,LG08_frequencies,4.4338
FAM037899.fasta,LG08_frequencies,7.0615
FAM037918.fasta,LG08_frequencies,7.1393
FAM037917.fasta,LG08_frequencies,7.0650
FAM037929.fasta,LG08_frequencies,6.8486
FAM037931.fasta,LG08_frequencies,8.4424
FAM037923.fasta,LG08_frequencies,3.6567
FAM037933.fasta,LG08_frequencies,6.5421
FAM037932.fasta,LG08_frequencies,6.5019
FAM037939.fasta,LG08_frequencies,13.0298
FAM037909.fasta,LG08_frequencies,6.9344
FAM037937.fasta,LG08_frequencies,5.5195
FAM037947.fasta,LG08_frequencies,5.9611
FAM037952.fasta,LG08_frequencies,6.4146
FAM037950.fasta,LG08_frequencies,6.8827
FAM037970.fasta,LG08_frequencies,5.6906
FAM037955.fasta,LG08_frequencies,6.2737
FAM037847.fasta,LG08_frequencies,7.0450
FAM037981.fasta,LG08_frequencies,4.4845
FAM037972.fasta,LG08_frequencies,6.9456
FAM037977.fasta,LG08_frequencies,7.5777
FAM037962.fasta,LG08_frequencies,8.9486
FAM037991.fasta,LG08_frequencies,6.9238
FAM038009.fasta,LG08_frequencies,7.5778
FAM038007.fasta,LG08_frequencies,5.6398
FAM038016.fasta,LG08_frequencies,11.1365
FAM038006.fasta,LG08_frequencies,6.5520
FAM038017.fasta,LG08_frequencies,8.0471
FAM038019.fasta,LG08_frequencies,5.2335
FAM038032.fasta,LG08_frequencies,6.1829
FAM038034.fasta,LG08_frequencies,6.9833
FAM038036.fasta,LG08_frequencies,4.4120
FAM037987.fasta,LG08_frequencies,4.0713
FAM038040.fasta,LG08_frequencies,4.9343
FAM038020.fasta,LG08_frequencies,7.4167
FAM038059.fasta,LG08_frequencies,4.9482
FAM038042.fasta,LG08_frequencies,7.8759
FAM038044.fasta,LG08_frequencies,6.7482
FAM038064.fasta,LG08_frequencies,10.0506
FAM038060.fasta,LG08_frequencies,6.4401
FAM038074.fasta,LG08_frequencies,4.7812
FAM038088.fasta,LG08_frequencies,6.6549
FAM038068.fasta,LG08_frequencies,7.0379
FAM038085.fasta,LG08_frequencies,7.4968
FAM038063.fasta,LG08_frequencies,7.0328
FAM038092.fasta,LG08_frequencies,3.1794
FAM038110.fasta,LG08_frequencies,8.7663
FAM038115.fasta,LG08_frequencies,8.9559
FAM038104.fasta,LG08_frequencies,10.1761
FAM038107.fasta,LG08_frequencies,6.7915
FAM038120.fasta,LG08_frequencies,6.3911
FAM038117.fasta,LG08_frequencies,6.9875
FAM038122.fasta,LG08_frequencies,6.6463
FAM038139.fasta,LG08_frequencies,8.3175
FAM038095.fasta,LG08_frequencies,7.6500
FAM038126.fasta,LG08_frequencies,6.8935
FAM038146.fasta,LG08_frequencies,7.6080
FAM038157.fasta,LG08_frequencies,7.3747
FAM038137.fasta,LG08_frequencies,6.5720
FAM038163.fasta,LG08_frequencies,7.1906
FAM038155.fasta,LG08_frequencies,6.6584
FAM038172.fasta,LG08_frequencies,6.7388
FAM038167.fasta,LG08_frequencies,7.8766
FAM038173.fasta,LG08_frequencies,4.6037
FAM038184.fasta,LG08_frequencies,7.2335
FAM038178.fasta,LG08_frequencies,6.0680
FAM038175.fasta,LG08_frequencies,7.0357
FAM038187.fasta,LG08_frequencies,7.8110
FAM038186.fasta,LG08_frequencies,6.7304
FAM038190.fasta,LG08_frequencies,5.0966
FAM038191.fasta,LG08_frequencies,5.7375
FAM038165.fasta,LG08_frequencies,5.4307
FAM038206.fasta,LG08_frequencies,5.4598
FAM038211.fasta,LG08_frequencies,9.8698
FAM038219.fasta,LG08_frequencies,8.6080
FAM038216.fasta,LG08_frequencies,4.1453
FAM038231.fasta,LG08_frequencies,6.8851
FAM038215.fasta,LG08_frequencies,6.7891
FAM038237.fasta,LG08_frequencies,6.4678
FAM038236.fasta,LG08_frequencies,5.2949
FAM038241.fasta,LG08_frequencies,10.2375
FAM038242.fasta,LG08_frequencies,7.2359
FAM038253.fasta,LG08_frequencies,4.1757
FAM038264.fasta,LG08_frequencies,6.7232
FAM038199.fasta,LG08_frequencies,5.5449
FAM038268.fasta,LG08_frequencies,6.1086
FAM038271.fasta,LG08_frequencies,7.7190
FAM038272.fasta,LG08_frequencies,8.1958
FAM038257.fasta,LG08_frequencies,6.8748
FAM038273.fasta,LG08_frequencies,5.0222
FAM038302.fasta,LG08_frequencies,7.7774
FAM038228.fasta,LG08_frequencies,6.8043
FAM038308.fasta,LG08_frequencies,6.6855
FAM038300.fasta,LG08_frequencies,6.4895
FAM038327.fasta,LG08_frequencies,6.4554
FAM038347.fasta,LG08_frequencies,7.4885
FAM038330.fasta,LG08_frequencies,6.7653
FAM038355.fasta,LG08_frequencies,5.4126
FAM038307.fasta,LG08_frequencies,7.1433
FAM038361.fasta,LG08_frequencies,6.7295
FAM038360.fasta,LG08_frequencies,7.5803
FAM038379.fasta,LG08_frequencies,6.5310
FAM038381.fasta,LG08_frequencies,6.4385
FAM038356.fasta,LG08_frequencies,6.2985
FAM038331.fasta,LG08_frequencies,4.1149
FAM038394.fasta,LG08_frequencies,6.2104
FAM038391.fasta,LG08_frequencies,7.8719
FAM038402.fasta,LG08_frequencies,8.0397
FAM038404.fasta,LG08_frequencies,8.2354
FAM038416.fasta,LG08_frequencies,6.5400
FAM038399.fasta,LG08_frequencies,6.4347
FAM038414.fasta,LG08_frequencies,7.3000
FAM038425.fasta,LG08_frequencies,7.3925
FAM038422.fasta,LG08_frequencies,6.4266
FAM038392.fasta,LG08_frequencies,6.6777
FAM038435.fasta,LG08_frequencies,4.6513
FAM038439.fasta,LG08_frequencies,7.3641
FAM038442.fasta,LG08_frequencies,7.5997
FAM038457.fasta,LG08_frequencies,5.8249
FAM038454.fasta,LG08_frequencies,8.1099
FAM038453.fasta,LG08_frequencies,7.0209
FAM038462.fasta,LG08_frequencies,6.7313
FAM038466.fasta,LG08_frequencies,9.6311
FAM038468.fasta,LG08_frequencies,5.1144
FAM038471.fasta,LG08_frequencies,3.8619
FAM038461.fasta,LG08_frequencies,6.6571
FAM038476.fasta,LG08_frequencies,3.9555
FAM038490.fasta,LG08_frequencies,7.0066
FAM038489.fasta,LG08_frequencies,7.1186
FAM038484.fasta,LG08_frequencies,7.0155
FAM038485.fasta,LG08_frequencies,4.1748
FAM038503.fasta,LG08_frequencies,8.4341
FAM038501.fasta,LG08_frequencies,7.7409
FAM038508.fasta,LG08_frequencies,7.0898
FAM038511.fasta,LG08_frequencies,5.6029
FAM038496.fasta,LG08_frequencies,5.7868
FAM038527.fasta,LG08_frequencies,6.5051
FAM038526.fasta,LG08_frequencies,6.7695
FAM038522.fasta,LG08_frequencies,6.7370
FAM038540.fasta,LG08_frequencies,7.8989
FAM038529.fasta,LG08_frequencies,6.5179
FAM038537.fasta,LG08_frequencies,6.8440
FAM038531.fasta,LG08_frequencies,6.1090
FAM038550.fasta,LG08_frequencies,5.7911
FAM038570.fasta,LG08_frequencies,7.6567
FAM038582.fasta,LG08_frequencies,6.5911
FAM038596.fasta,LG08_frequencies,3.9189
FAM038598.fasta,LG08_frequencies,7.7743
FAM038597.fasta,LG08_frequencies,5.3198
FAM038619.fasta,LG08_frequencies,5.0134
FAM038621.fasta,LG08_frequencies,7.2200
FAM038624.fasta,LG08_frequencies,7.3081
FAM038631.fasta,LG08_frequencies,5.3111
FAM038625.fasta,LG08_frequencies,6.8129
FAM038610.fasta,LG08_frequencies,4.5207
FAM038632.fasta,LG08_frequencies,4.8575
FAM038657.fasta,LG08_frequencies,7.6253
FAM038637.fasta,LG08_frequencies,5.0479
FAM038654.fasta,LG08_frequencies,8.4059
FAM037676.fasta,LG08_frequencies,6.7651
FAM038663.fasta,LG08_frequencies,6.5413
FAM038670.fasta,LG08_frequencies,6.8259
FAM038661.fasta,LG08_frequencies,9.2532
FAM038673.fasta,LG08_frequencies,7.1128
FAM038627.fasta,LG08_frequencies,6.9753
FAM038658.fasta,LG08_frequencies,5.7498
FAM038678.fasta,LG08_frequencies,7.4498
FAM038682.fasta,LG08_frequencies,6.3654
FAM038685.fasta,LG08_frequencies,5.9640
FAM038677.fasta,LG08_frequencies,6.7264
FAM038694.fasta,LG08_frequencies,6.4576
FAM038686.fasta,LG08_frequencies,7.8215
FAM038704.fasta,LG08_frequencies,6.6675
FAM038703.fasta,LG08_frequencies,5.0610
FAM038707.fasta,LG08_frequencies,7.1067
FAM038708.fasta,LG08_frequencies,5.5322
FAM038671.fasta,LG08_frequencies,7.6946
FAM038714.fasta,LG08_frequencies,7.2718
FAM038700.fasta,LG08_frequencies,6.3455
FAM038729.fasta,LG08_frequencies,6.7715
FAM038743.fasta,LG08_frequencies,8.9303
FAM038750.fasta,LG08_frequencies,6.8681
FAM038746.fasta,LG08_frequencies,6.8138
FAM038710.fasta,LG08_frequencies,7.0215
FAM038751.fasta,LG08_frequencies,6.7399
FAM038763.fasta,LG08_frequencies,6.8230
FAM038769.fasta,LG08_frequencies,6.8377
FAM038762.fasta,LG08_frequencies,7.1150
FAM038795.fasta,LG08_frequencies,10.2931
FAM038794.fasta,LG08_frequencies,6.8742
FAM038771.fasta,LG08_frequencies,9.4828
FAM038803.fasta,LG08_frequencies,6.3098
FAM038808.fasta,LG08_frequencies,5.7440
FAM038788.fasta,LG08_frequencies,6.5225
FAM038796.fasta,LG08_frequencies,6.3307
FAM038816.fasta,LG08_frequencies,6.9245
FAM038819.fasta,LG08_frequencies,5.2768
FAM038811.fasta,LG08_frequencies,5.3335
FAM038825.fasta,LG08_frequencies,7.4536
FAM038821.fasta,LG08_frequencies,7.7030
FAM038831.fasta,LG08_frequencies,9.0407
FAM038839.fasta,LG08_frequencies,3.7124
FAM038843.fasta,LG08_frequencies,519.8287
FAM038827.fasta,LG08_frequencies,5.3997
FAM038688.fasta,LG08_frequencies,6.6818
FAM038849.fasta,LG08_frequencies,7.2212
FAM038847.fasta,LG08_frequencies,7.4147
FAM038841.fasta,LG08_frequencies,6.1875
FAM038855.fasta,LG08_frequencies,6.8079
FAM038879.fasta,LG08_frequencies,5.4118
FAM038869.fasta,LG08_frequencies,4.8335
FAM038848.fasta,LG08_frequencies,6.7992
FAM038890.fasta,LG08_frequencies,590.6877
FAM038880.fasta,LG08_frequencies,4.8861
FAM038895.fasta,LG08_frequencies,8.2179
FAM038902.fasta,LG08_frequencies,6.0098
FAM038857.fasta,LG08_frequencies,9.2470
FAM038909.fasta,LG08_frequencies,5.8519
FAM038897.fasta,LG08_frequencies,8.0661
FAM038892.fasta,LG08_frequencies,6.6138
FAM038837.fasta,LG08_frequencies,8.3455
FAM038912.fasta,LG08_frequencies,5.2103
FAM038924.fasta,LG08_frequencies,8.8487
FAM038931.fasta,LG08_frequencies,10.4955
FAM038922.fasta,LG08_frequencies,7.4088
FAM038919.fasta,LG08_frequencies,7.0408
FAM038918.fasta,LG08_frequencies,5.1473
FAM038946.fasta,LG08_frequencies,5.4986
FAM038952.fasta,LG08_frequencies,3.6904
FAM038904.fasta,LG08_frequencies,6.4600
FAM038933.fasta,LG08_frequencies,5.6989
FAM038957.fasta,LG08_frequencies,6.6684
FAM038948.fasta,LG08_frequencies,6.5653
FAM038958.fasta,LG08_frequencies,6.5746
FAM038960.fasta,LG08_frequencies,7.3232
FAM038961.fasta,LG08_frequencies,7.5450
FAM038975.fasta,LG08_frequencies,6.5193
FAM038977.fasta,LG08_frequencies,5.9816
FAM039011.fasta,LG08_frequencies,6.5926
FAM038964.fasta,LG08_frequencies,4.6163
FAM039014.fasta,LG08_frequencies,12.7990
FAM039013.fasta,LG08_frequencies,6.7743
FAM039012.fasta,LG08_frequencies,4.1355
FAM039016.fasta,LG08_frequencies,4.9412
FAM039009.fasta,LG08_frequencies,6.8032
FAM039034.fasta,LG08_frequencies,8.3621
FAM039018.fasta,LG08_frequencies,5.5177
FAM039027.fasta,LG08_frequencies,6.9300
FAM039041.fasta,LG08_frequencies,8.6587
FAM039050.fasta,LG08_frequencies,8.9954
FAM039001.fasta,LG08_frequencies,6.8439
FAM039064.fasta,LG08_frequencies,7.9386
FAM039038.fasta,LG08_frequencies,7.1772
FAM039051.fasta,LG08_frequencies,7.6211
FAM039060.fasta,LG08_frequencies,7.1234
FAM039065.fasta,LG08_frequencies,6.8578
FAM039042.fasta,LG08_frequencies,6.9491
FAM039070.fasta,LG08_frequencies,6.1475
FAM039075.fasta,LG08_frequencies,7.2606
FAM039087.fasta,LG08_frequencies,6.3369
FAM039090.fasta,LG08_frequencies,6.6456
FAM039069.fasta,LG08_frequencies,5.7803
FAM039091.fasta,LG08_frequencies,6.0240
FAM039098.fasta,LG08_frequencies,7.3988
FAM039073.fasta,LG08_frequencies,6.7422
FAM039101.fasta,LG08_frequencies,7.3277
FAM039111.fasta,LG08_frequencies,7.6867
FAM039105.fasta,LG08_frequencies,7.4532
FAM039112.fasta,LG08_frequencies,6.0857
FAM039113.fasta,LG08_frequencies,7.7457
FAM039115.fasta,LG08_frequencies,7.0548
FAM039122.fasta,LG08_frequencies,8.2709
FAM039123.fasta,LG08_frequencies,10.0527
FAM039119.fasta,LG08_frequencies,6.0467
FAM039079.fasta,LG08_frequencies,7.6265
FAM039120.fasta,LG08_frequencies,7.8121
FAM039141.fasta,LG08_frequencies,6.3174
FAM039140.fasta,LG08_frequencies,5.5007
FAM039146.fasta,LG08_frequencies,9.3629
FAM039150.fasta,LG08_frequencies,5.6501
FAM039145.fasta,LG08_frequencies,6.9002
FAM039163.fasta,LG08_frequencies,5.5638
FAM039168.fasta,LG08_frequencies,6.7386
FAM039167.fasta,LG08_frequencies,7.5621
FAM039162.fasta,LG08_frequencies,6.3742
FAM039154.fasta,LG08_frequencies,6.7163
FAM039187.fasta,LG08_frequencies,5.8452
FAM039169.fasta,LG08_frequencies,5.3970
FAM039173.fasta,LG08_frequencies,7.1280
FAM039191.fasta,LG08_frequencies,6.0602
FAM039189.fasta,LG08_frequencies,5.1294
FAM039197.fasta,LG08_frequencies,8.4186
FAM039195.fasta,LG08_frequencies,7.0446
FAM039212.fasta,LG08_frequencies,7.7549
FAM039199.fasta,LG08_frequencies,5.2142
FAM039223.fasta,LG08_frequencies,5.6980
FAM039224.fasta,LG08_frequencies,6.9187
FAM039234.fasta,LG08_frequencies,4.1712
FAM039233.fasta,LG08_frequencies,8.4907
FAM039202.fasta,LG08_frequencies,6.2653
FAM039238.fasta,LG08_frequencies,6.0527
FAM039214.fasta,LG08_frequencies,7.3451
FAM039239.fasta,LG08_frequencies,6.5849
FAM039255.fasta,LG08_frequencies,8.4930
FAM039262.fasta,LG08_frequencies,6.6308
FAM039270.fasta,LG08_frequencies,5.4366
FAM039254.fasta,LG08_frequencies,5.7438
FAM039299.fasta,LG08_frequencies,593.2285
FAM039271.fasta,LG08_frequencies,6.7499
FAM039306.fasta,LG08_frequencies,13.1828
FAM039279.fasta,LG08_frequencies,5.3083
FAM039305.fasta,LG08_frequencies,6.5577
FAM039280.fasta,LG08_frequencies,6.7331
FAM039309.fasta,LG08_frequencies,6.1611
FAM039310.fasta,LG08_frequencies,7.1846
FAM039312.fasta,LG08_frequencies,5.3031
FAM039326.fasta,LG08_frequencies,5.4768
FAM039318.fasta,LG08_frequencies,6.3112
FAM039336.fasta,LG08_frequencies,7.8436
FAM039338.fasta,LG08_frequencies,6.5883
FAM039348.fasta,LG08_frequencies,4.7362
FAM039349.fasta,LG08_frequencies,5.7228
FAM039316.fasta,LG08_frequencies,7.8761
FAM039346.fasta,LG08_frequencies,7.6981
FAM039352.fasta,LG08_frequencies,4.3579
FAM039357.fasta,LG08_frequencies,11.0118
FAM039107.fasta,LG08_frequencies,8.3157
FAM039353.fasta,LG08_frequencies,6.8816
FAM039374.fasta,LG08_frequencies,9.9311
FAM039335.fasta,LG08_frequencies,5.4835
FAM039383.fasta,LG08_frequencies,6.6600
FAM039396.fasta,LG08_frequencies,5.4981
FAM039379.fasta,LG08_frequencies,6.8254
FAM039397.fasta,LG08_frequencies,6.4862
FAM039372.fasta,LG08_frequencies,6.1810
FAM039417.fasta,LG08_frequencies,4.7349
FAM039399.fasta,LG08_frequencies,6.2232
FAM039425.fasta,LG08_frequencies,14.0671
FAM039431.fasta,LG08_frequencies,4.1764
FAM039421.fasta,LG08_frequencies,5.8017
FAM039390.fasta,LG08_frequencies,5.2505
FAM039442.fasta,LG08_frequencies,5.9800
FAM039415.fasta,LG08_frequencies,7.9981
FAM039432.fasta,LG08_frequencies,6.6208
FAM039450.fasta,LG08_frequencies,5.3750
FAM039440.fasta,LG08_frequencies,8.0178
FAM039455.fasta,LG08_frequencies,3.9565
FAM039444.fasta,LG08_frequencies,3.9645
FAM039454.fasta,LG08_frequencies,5.2196
FAM039464.fasta,LG08_frequencies,6.7016
FAM039430.fasta,LG08_frequencies,6.5985
FAM039468.fasta,LG08_frequencies,3.2238
FAM039470.fasta,LG08_frequencies,3.8155
FAM039457.fasta,LG08_frequencies,7.1496
FAM039469.fasta,LG08_frequencies,4.7203
FAM039472.fasta,LG08_frequencies,5.5426
FAM039481.fasta,LG08_frequencies,6.9550
FAM039479.fasta,LG08_frequencies,7.1626
FAM039487.fasta,LG08_frequencies,7.2431
FAM039456.fasta,LG08_frequencies,6.8461
FAM039483.fasta,LG08_frequencies,9.0209
FAM039498.fasta,LG08_frequencies,12.0887
FAM039489.fasta,LG08_frequencies,3.9985
FAM039496.fasta,LG08_frequencies,6.5634
FAM039502.fasta,LG08_frequencies,4.0613
FAM039512.fasta,LG08_frequencies,8.7708
FAM039513.fasta,LG08_frequencies,11.2800
FAM039506.fasta,LG08_frequencies,8.2722
FAM039515.fasta,LG08_frequencies,6.7479
FAM039490.fasta,LG08_frequencies,7.3211
FAM039530.fasta,LG08_frequencies,11.2585
FAM039516.fasta,LG08_frequencies,4.5123
FAM039533.fasta,LG08_frequencies,10.0568
FAM039531.fasta,LG08_frequencies,7.8493
FAM039522.fasta,LG08_frequencies,6.9173
FAM039538.fasta,LG08_frequencies,6.5802
FAM039542.fasta,LG08_frequencies,7.5943
FAM039453.fasta,LG08_frequencies,8.0289
FAM039543.fasta,LG08_frequencies,11.9430
FAM039562.fasta,LG08_frequencies,6.4294
FAM039528.fasta,LG08_frequencies,6.5682
FAM039549.fasta,LG08_frequencies,7.3879
FAM039563.fasta,LG08_frequencies,6.6131
FAM039584.fasta,LG08_frequencies,7.0267
FAM039580.fasta,LG08_frequencies,6.6714
FAM039604.fasta,LG08_frequencies,7.1719
FAM039590.fasta,LG08_frequencies,6.6117
FAM039583.fasta,LG08_frequencies,6.7771
FAM039613.fasta,LG08_frequencies,6.5630
FAM039634.fasta,LG08_frequencies,5.3437
FAM039592.fasta,LG08_frequencies,6.7826
FAM039633.fasta,LG08_frequencies,6.6479
FAM039638.fasta,LG08_frequencies,8.0428
FAM039635.fasta,LG08_frequencies,6.5142
FAM039581.fasta,LG08_frequencies,6.5621
FAM039608.fasta,LG08_frequencies,8.2740
FAM039645.fasta,LG08_frequencies,6.4322
FAM039655.fasta,LG08_frequencies,7.0952
FAM039647.fasta,LG08_frequencies,5.7360
FAM039700.fasta,LG08_frequencies,6.9248
FAM039704.fasta,LG08_frequencies,4.2612
FAM039668.fasta,LG08_frequencies,6.0020
FAM039709.fasta,LG08_frequencies,7.0194
FAM039662.fasta,LG08_frequencies,7.1273
FAM039643.fasta,LG08_frequencies,6.4822
FAM039691.fasta,LG08_frequencies,7.3011
FAM039731.fasta,LG08_frequencies,6.0402
FAM039740.fasta,LG08_frequencies,6.7899
FAM039742.fasta,LG08_frequencies,5.4341
FAM039710.fasta,LG08_frequencies,6.9691
FAM039720.fasta,LG08_frequencies,6.2330
FAM039751.fasta,LG08_frequencies,6.4951
FAM039757.fasta,LG08_frequencies,5.7963
FAM039763.fasta,LG08_frequencies,6.6260
FAM039756.fasta,LG08_frequencies,7.2512
FAM039769.fasta,LG08_frequencies,4.7557
FAM039781.fasta,LG08_frequencies,9.8056
FAM039716.fasta,LG08_frequencies,6.4990
FAM039783.fasta,LG08_frequencies,5.8919
FAM039790.fasta,LG08_frequencies,7.1160
FAM039779.fasta,LG08_frequencies,6.7156
FAM039798.fasta,LG08_frequencies,8.0830
FAM039766.fasta,LG08_frequencies,7.9384
FAM039803.fasta,LG08_frequencies,5.2900
FAM039820.fasta,LG08_frequencies,9.5114
FAM039823.fasta,LG08_frequencies,16.7270
FAM039827.fasta,LG08_frequencies,4.7981
FAM039817.fasta,LG08_frequencies,5.9697
FAM039839.fasta,LG08_frequencies,7.5755
FAM039837.fasta,LG08_frequencies,6.4061
FAM039844.fasta,LG08_frequencies,6.9524
FAM039848.fasta,LG08_frequencies,7.1427
FAM039838.fasta,LG08_frequencies,6.8683
FAM039852.fasta,LG08_frequencies,5.3945
FAM039862.fasta,LG08_frequencies,586.9858
FAM039855.fasta,LG08_frequencies,5.6780
FAM039792.fasta,LG08_frequencies,7.0207
FAM039849.fasta,LG08_frequencies,9.0610
FAM039867.fasta,LG08_frequencies,6.8408
FAM039871.fasta,LG08_frequencies,6.7154
FAM039865.fasta,LG08_frequencies,4.8533
FAM039879.fasta,LG08_frequencies,6.8774
FAM039878.fasta,LG08_frequencies,6.8598
FAM039884.fasta,LG08_frequencies,2.8233
FAM039894.fasta,LG08_frequencies,6.9511
FAM039907.fasta,LG08_frequencies,6.5010
FAM039908.fasta,LG08_frequencies,6.4381
FAM039919.fasta,LG08_frequencies,5.9044
FAM039923.fasta,LG08_frequencies,7.8508
FAM039774.fasta,LG08_frequencies,7.6698
FAM039931.fasta,LG08_frequencies,14.6314
FAM039928.fasta,LG08_frequencies,4.3673
FAM039929.fasta,LG08_frequencies,4.4120
FAM039910.fasta,LG08_frequencies,5.8636
FAM039933.fasta,LG08_frequencies,7.4505
FAM039938.fasta,LG08_frequencies,7.2101
FAM039939.fasta,LG08_frequencies,12.1006
FAM039935.fasta,LG08_frequencies,6.5594
FAM039951.fasta,LG08_frequencies,6.3372
FAM039952.fasta,LG08_frequencies,7.1615
FAM039956.fasta,LG08_frequencies,5.8338
FAM039965.fasta,LG08_frequencies,5.7959
FAM039954.fasta,LG08_frequencies,6.4833
FAM039896.fasta,LG08_frequencies,7.1488
FAM039994.fasta,LG08_frequencies,7.6077
FAM039969.fasta,LG08_frequencies,5.8244
FAM039957.fasta,LG08_frequencies,5.9458
FAM040008.fasta,LG08_frequencies,6.4860
FAM040002.fasta,LG08_frequencies,6.5795
FAM039993.fasta,LG08_frequencies,8.4588
FAM040033.fasta,LG08_frequencies,6.4096
FAM039973.fasta,LG08_frequencies,7.6356
FAM040035.fasta,LG08_frequencies,6.2086
FAM040032.fasta,LG08_frequencies,7.3379
FAM040012.fasta,LG08_frequencies,6.6544
FAM040049.fasta,LG08_frequencies,5.2206
FAM040047.fasta,LG08_frequencies,6.7095
FAM040043.fasta,LG08_frequencies,5.8535
FAM040058.fasta,LG08_frequencies,9.1490
FAM040069.fasta,LG08_frequencies,5.5970
FAM040103.fasta,LG08_frequencies,4.3967
FAM040127.fasta,LG08_frequencies,6.5565
FAM040078.fasta,LG08_frequencies,7.4533
FAM040100.fasta,LG08_frequencies,7.4572
FAM040140.fasta,LG08_frequencies,6.4154
FAM040146.fasta,LG08_frequencies,7.9117
FAM040158.fasta,LG08_frequencies,9.0109
FAM040148.fasta,LG08_frequencies,7.1144
FAM040163.fasta,LG08_frequencies,4.5731
FAM040178.fasta,LG08_frequencies,6.1504
FAM040167.fasta,LG08_frequencies,6.1063
FAM040192.fasta,LG08_frequencies,501.3907
FAM040147.fasta,LG08_frequencies,6.6635
FAM040180.fasta,LG08_frequencies,5.9768
FAM040131.fasta,LG08_frequencies,6.6854
FAM040194.fasta,LG08_frequencies,6.9169
FAM040204.fasta,LG08_frequencies,7.9037
FAM040200.fasta,LG08_frequencies,5.0507
FAM040209.fasta,LG08_frequencies,7.6104
FAM040202.fasta,LG08_frequencies,6.6860
FAM040218.fasta,LG08_frequencies,7.3304
FAM040226.fasta,LG08_frequencies,7.3538
FAM040231.fasta,LG08_frequencies,6.3312
FAM040117.fasta,LG08_frequencies,7.5658
FAM040248.fasta,LG08_frequencies,6.9117
FAM040237.fasta,LG08_frequencies,5.5120
FAM040250.fasta,LG08_frequencies,7.1460
FAM040224.fasta,LG08_frequencies,6.3134
FAM040261.fasta,LG08_frequencies,7.5560
FAM040262.fasta,LG08_frequencies,6.4080
FAM040271.fasta,LG08_frequencies,5.9126
FAM040263.fasta,LG08_frequencies,6.5642
FAM040259.fasta,LG08_frequencies,7.0262
FAM040274.fasta,LG08_frequencies,8.0025
FAM040273.fasta,LG08_frequencies,7.1831
FAM040290.fasta,LG08_frequencies,5.4850
FAM040292.fasta,LG08_frequencies,5.0611
FAM040275.fasta,LG08_frequencies,5.9418
FAM040304.fasta,LG08_frequencies,7.2007
FAM040293.fasta,LG08_frequencies,7.2036
FAM040314.fasta,LG08_frequencies,6.9206
FAM040310.fasta,LG08_frequencies,7.1519
FAM040312.fasta,LG08_frequencies,6.7058
FAM040320.fasta,LG08_frequencies,6.8630
FAM040277.fasta,LG08_frequencies,7.3507
FAM040316.fasta,LG08_frequencies,4.2922
FAM040335.fasta,LG08_frequencies,4.6810
FAM040348.fasta,LG08_frequencies,6.0623
FAM040342.fasta,LG08_frequencies,6.5448
FAM040330.fasta,LG08_frequencies,6.2417
FAM040368.fasta,LG08_frequencies,6.6062
FAM040353.fasta,LG08_frequencies,6.7108
FAM040334.fasta,LG08_frequencies,5.5480
FAM040366.fasta,LG08_frequencies,6.5792
FAM040389.fasta,LG08_frequencies,9.8045
FAM040369.fasta,LG08_frequencies,6.5107
FAM040376.fasta,LG08_frequencies,4.9497
FAM040383.fasta,LG08_frequencies,5.0034
FAM040390.fasta,LG08_frequencies,5.6119
FAM040400.fasta,LG08_frequencies,7.3748
FAM040404.fasta,LG08_frequencies,7.8841
FAM040394.fasta,LG08_frequencies,5.7395
FAM040407.fasta,LG08_frequencies,6.5075
FAM040420.fasta,LG08_frequencies,5.6783
FAM040424.fasta,LG08_frequencies,6.6570
FAM040427.fasta,LG08_frequencies,5.1348
FAM040399.fasta,LG08_frequencies,6.9223
FAM040437.fasta,LG08_frequencies,6.7855
FAM040421.fasta,LG08_frequencies,6.8313
FAM040440.fasta,LG08_frequencies,6.5080
FAM040448.fasta,LG08_frequencies,8.1678
FAM040452.fasta,LG08_frequencies,5.1266
FAM040459.fasta,LG08_frequencies,6.0565
FAM040415.fasta,LG08_frequencies,6.5714
FAM040317.fasta,LG08_frequencies,7.8127
FAM040468.fasta,LG08_frequencies,7.2098
FAM040474.fasta,LG08_frequencies,6.0938
FAM040481.fasta,LG08_frequencies,10.5217
FAM040469.fasta,LG08_frequencies,6.4569
FAM040486.fasta,LG08_frequencies,8.0687
FAM040490.fasta,LG08_frequencies,9.2048
FAM040496.fasta,LG08_frequencies,5.8291
FAM040493.fasta,LG08_frequencies,6.6455
FAM040479.fasta,LG08_frequencies,7.4780
FAM040501.fasta,LG08_frequencies,6.8012
FAM040522.fasta,LG08_frequencies,9.4258
FAM040476.fasta,LG08_frequencies,6.8149
FAM040541.fasta,LG08_frequencies,6.8465
FAM040528.fasta,LG08_frequencies,6.4574
FAM040544.fasta,LG08_frequencies,4.5340
FAM040555.fasta,LG08_frequencies,8.1561
FAM040562.fasta,LG08_frequencies,5.5429
FAM040554.fasta,LG08_frequencies,7.0102
FAM040579.fasta,LG08_frequencies,3.4685
FAM040591.fasta,LG08_frequencies,7.2145
FAM040542.fasta,LG08_frequencies,6.7447
FAM040604.fasta,LG08_frequencies,15.0843
FAM040598.fasta,LG08_frequencies,6.6247
FAM040599.fasta,LG08_frequencies,6.2862
FAM040582.fasta,LG08_frequencies,8.3849
FAM040466.fasta,LG08_frequencies,7.3053
FAM040607.fasta,LG08_frequencies,8.8717
FAM040605.fasta,LG08_frequencies,5.6388
FAM040608.fasta,LG08_frequencies,7.7042
FAM040609.fasta,LG08_frequencies,4.0777
FAM040612.fasta,LG08_frequencies,6.8748
FAM040610.fasta,LG08_frequencies,8.1120
FAM040613.fasta,LG08_frequencies,6.4933
FAM040614.fasta,LG08_frequencies,4.9561
FAM040615.fasta,LG08_frequencies,4.5808
FAM040638.fasta,LG08_frequencies,7.1317
FAM040626.fasta,LG08_frequencies,6.1764
FAM040619.fasta,LG08_frequencies,6.4706
FAM040642.fasta,LG08_frequencies,7.4121
FAM040639.fasta,LG08_frequencies,6.9116
FAM040650.fasta,LG08_frequencies,569.9012
FAM040646.fasta,LG08_frequencies,6.2917
FAM040648.fasta,LG08_frequencies,6.4507
FAM040651.fasta,LG08_frequencies,5.7190
FAM040647.fasta,LG08_frequencies,6.2649
FAM040659.fasta,LG08_frequencies,5.9389
FAM040652.fasta,LG08_frequencies,6.7616
FAM040653.fasta,LG08_frequencies,6.8156
FAM040675.fasta,LG08_frequencies,5.9714
FAM040689.fasta,LG08_frequencies,3.8535
FAM040666.fasta,LG08_frequencies,7.1229
FAM040644.fasta,LG08_frequencies,6.5809
FAM040691.fasta,LG08_frequencies,8.2736
FAM040695.fasta,LG08_frequencies,5.6328
FAM040690.fasta,LG08_frequencies,6.9070
FAM040729.fasta,LG08_frequencies,5.8827
FAM040708.fasta,LG08_frequencies,6.3479
FAM040701.fasta,LG08_frequencies,6.7974
FAM040759.fasta,LG08_frequencies,6.5458
FAM040736.fasta,LG08_frequencies,5.5976
FAM040761.fasta,LG08_frequencies,1.7918
FAM040774.fasta,LG08_frequencies,7.1761
FAM040763.fasta,LG08_frequencies,6.6986
FAM040780.fasta,LG08_frequencies,7.2376
FAM040790.fasta,LG08_frequencies,6.8651
FAM040783.fasta,LG08_frequencies,6.4487
FAM040734.fasta,LG08_frequencies,7.0392
FAM040798.fasta,LG08_frequencies,8.3893
FAM040678.fasta,LG08_frequencies,6.8666
FAM040794.fasta,LG08_frequencies,6.9164
FAM040801.fasta,LG08_frequencies,7.2254
FAM040796.fasta,LG08_frequencies,7.6773
FAM040799.fasta,LG08_frequencies,7.0133
FAM040818.fasta,LG08_frequencies,5.6454
FAM040806.fasta,LG08_frequencies,5.1016
FAM040826.fasta,LG08_frequencies,3.5708
FAM040807.fasta,LG08_frequencies,5.8593
FAM040846.fasta,LG08_frequencies,5.9849
FAM040840.fasta,LG08_frequencies,6.8144
FAM040856.fasta,LG08_frequencies,4.9054
FAM040829.fasta,LG08_frequencies,6.9366
FAM040854.fasta,LG08_frequencies,5.3509
FAM040868.fasta,LG08_frequencies,5.4533
FAM040872.fasta,LG08_frequencies,5.8719
FAM040877.fasta,LG08_frequencies,3.5242
FAM040869.fasta,LG08_frequencies,5.8193
FAM040881.fasta,LG08_frequencies,8.1674
FAM040878.fasta,LG08_frequencies,5.7709
FAM040883.fasta,LG08_frequencies,6.2111
FAM040880.fasta,LG08_frequencies,7.4660
FAM040890.fasta,LG08_frequencies,7.3068
FAM040894.fasta,LG08_frequencies,8.2368
FAM040875.fasta,LG08_frequencies,4.6782
FAM040921.fasta,LG08_frequencies,6.1853
FAM040912.fasta,LG08_frequencies,6.7634
FAM040940.fasta,LG08_frequencies,6.2006
FAM040958.fasta,LG08_frequencies,4.2177
FAM040941.fasta,LG08_frequencies,6.9558
FAM040922.fasta,LG08_frequencies,6.4830
FAM040954.fasta,LG08_frequencies,8.2428
FAM040968.fasta,LG08_frequencies,6.3992
FAM040960.fasta,LG08_frequencies,6.3762
FAM040988.fasta,LG08_frequencies,7.0000
FAM040993.fasta,LG08_frequencies,6.5971
FAM040667.fasta,LG08_frequencies,6.1106
FAM040970.fasta,LG08_frequencies,4.7792
FAM040997.fasta,LG08_frequencies,5.9971
FAM041001.fasta,LG08_frequencies,4.5860
FAM040962.fasta,LG08_frequencies,7.9947
FAM040995.fasta,LG08_frequencies,5.0713
FAM041010.fasta,LG08_frequencies,6.5201
FAM040998.fasta,LG08_frequencies,5.8323
FAM041011.fasta,LG08_frequencies,6.6233
FAM041016.fasta,LG08_frequencies,6.8101
FAM041014.fasta,LG08_frequencies,3.9285
FAM041022.fasta,LG08_frequencies,6.1364
FAM041017.fasta,LG08_frequencies,5.9401
FAM041026.fasta,LG08_frequencies,3.8223
FAM041042.fasta,LG08_frequencies,6.5003
FAM041031.fasta,LG08_frequencies,6.5232
FAM041051.fasta,LG08_frequencies,9.5687
FAM041049.fasta,LG08_frequencies,7.1879
FAM041056.fasta,LG08_frequencies,7.0039
FAM041052.fasta,LG08_frequencies,4.7666
FAM041057.fasta,LG08_frequencies,4.6367
FAM041053.fasta,LG08_frequencies,7.7632
FAM041059.fasta,LG08_frequencies,4.1739
FAM041060.fasta,LG08_frequencies,6.2798
FAM041061.fasta,LG08_frequencies,7.8308
FAM041024.fasta,LG08_frequencies,6.8288
FAM041071.fasta,LG08_frequencies,10.5336
FAM041069.fasta,LG08_frequencies,6.1547
FAM041083.fasta,LG08_frequencies,7.0046
FAM041086.fasta,LG08_frequencies,13.0751
FAM041096.fasta,LG08_frequencies,7.7803
FAM041094.fasta,LG08_frequencies,4.1889
FAM041068.fasta,LG08_frequencies,4.4422
FAM040991.fasta,LG08_frequencies,6.5847
FAM041100.fasta,LG08_frequencies,9.1531
FAM041101.fasta,LG08_frequencies,6.6431
FAM041115.fasta,LG08_frequencies,6.5482
FAM041119.fasta,LG08_frequencies,5.0992
FAM041123.fasta,LG08_frequencies,9.9024
FAM041118.fasta,LG08_frequencies,7.0388
FAM041117.fasta,LG08_frequencies,7.4009
FAM041152.fasta,LG08_frequencies,6.6169
FAM041127.fasta,LG08_frequencies,4.7464
FAM041130.fasta,LG08_frequencies,7.4218
FAM041155.fasta,LG08_frequencies,5.4472
FAM041140.fasta,LG08_frequencies,5.2421
FAM041159.fasta,LG08_frequencies,6.4609
FAM041165.fasta,LG08_frequencies,6.4269
FAM041166.fasta,LG08_frequencies,5.8605
FAM041178.fasta,LG08_frequencies,4.8966
FAM041164.fasta,LG08_frequencies,4.9931
FAM041179.fasta,LG08_frequencies,6.7481
FAM041077.fasta,LG08_frequencies,8.1058
FAM041181.fasta,LG08_frequencies,6.9010
FAM041186.fasta,LG08_frequencies,7.0129
FAM041194.fasta,LG08_frequencies,6.4264
FAM041200.fasta,LG08_frequencies,7.5308
FAM041193.fasta,LG08_frequencies,6.8675
FAM041223.fasta,LG08_frequencies,4.4485
FAM041198.fasta,LG08_frequencies,7.1133
FAM041215.fasta,LG08_frequencies,7.3474
FAM041187.fasta,LG08_frequencies,7.8839
FAM041228.fasta,LG08_frequencies,6.6996
FAM041252.fasta,LG08_frequencies,5.4943
FAM041206.fasta,LG08_frequencies,6.2969
FAM041262.fasta,LG08_frequencies,8.7271
FAM041261.fasta,LG08_frequencies,5.2492
FAM041244.fasta,LG08_frequencies,7.1756
FAM041263.fasta,LG08_frequencies,6.2094
FAM041257.fasta,LG08_frequencies,7.6939
FAM041256.fasta,LG08_frequencies,6.2231
FAM041287.fasta,LG08_frequencies,8.5267
FAM041272.fasta,LG08_frequencies,5.6847
FAM041267.fasta,LG08_frequencies,5.7763
FAM041270.fasta,LG08_frequencies,8.0217
FAM041277.fasta,LG08_frequencies,6.4231
FAM041289.fasta,LG08_frequencies,6.7564
FAM041299.fasta,LG08_frequencies,4.5174
FAM041304.fasta,LG08_frequencies,4.1803
FAM041318.fasta,LG08_frequencies,12.7322
FAM041315.fasta,LG08_frequencies,9.5985
FAM041297.fasta,LG08_frequencies,6.1741
FAM041312.fasta,LG08_frequencies,6.0423
FAM041323.fasta,LG08_frequencies,4.8264
FAM041320.fasta,LG08_frequencies,6.4150
FAM041322.fasta,LG08_frequencies,7.0976
FAM041288.fasta,LG08_frequencies,7.1471
FAM041347.fasta,LG08_frequencies,5.2177
FAM041325.fasta,LG08_frequencies,7.2237
FAM041346.fasta,LG08_frequencies,4.8297
FAM041343.fasta,LG08_frequencies,6.8558
FAM041370.fasta,LG08_frequencies,8.6707
FAM041349.fasta,LG08_frequencies,6.5297
FAM041356.fasta,LG08_frequencies,8.0739
FAM041376.fasta,LG08_frequencies,5.8076
FAM041378.fasta,LG08_frequencies,6.7939
FAM041382.fasta,LG08_frequencies,6.5112
FAM041391.fasta,LG08_frequencies,7.3826
FAM041400.fasta,LG08_frequencies,12.2158
FAM041392.fasta,LG08_frequencies,7.6100
FAM041394.fasta,LG08_frequencies,6.0129
FAM041406.fasta,LG08_frequencies,6.5575
FAM041352.fasta,LG08_frequencies,6.7048
FAM041381.fasta,LG08_frequencies,6.1106
FAM041409.fasta,LG08_frequencies,7.3711
FAM041408.fasta,LG08_frequencies,2.1122
FAM041412.fasta,LG08_frequencies,7.7182
FAM041405.fasta,LG08_frequencies,5.5552
FAM041413.fasta,LG08_frequencies,7.0910
FAM041417.fasta,LG08_frequencies,5.5981
FAM041423.fasta,LG08_frequencies,5.2649
FAM041427.fasta,LG08_frequencies,8.5950
FAM041416.fasta,LG08_frequencies,7.7759
FAM041431.fasta,LG08_frequencies,5.5512
FAM041428.fasta,LG08_frequencies,6.7090
FAM041420.fasta,LG08_frequencies,7.9612
FAM041442.fasta,LG08_frequencies,6.6060
FAM041435.fasta,LG08_frequencies,5.2253
FAM041438.fasta,LG08_frequencies,6.2563
FAM041419.fasta,LG08_frequencies,7.2920
FAM041447.fasta,LG08_frequencies,5.8279
FAM041452.fasta,LG08_frequencies,6.2858
FAM041451.fasta,LG08_frequencies,7.2527
FAM041464.fasta,LG08_frequencies,579.2425
FAM041456.fasta,LG08_frequencies,6.0872
FAM041449.fasta,LG08_frequencies,7.1198
FAM041475.fasta,LG08_frequencies,8.6367
FAM041473.fasta,LG08_frequencies,7.1671
FAM041463.fasta,LG08_frequencies,6.5598
FAM041478.fasta,LG08_frequencies,6.4850
FAM041494.fasta,LG08_frequencies,6.8354
FAM041499.fasta,LG08_frequencies,6.0575
FAM041508.fasta,LG08_frequencies,6.1260
FAM041503.fasta,LG08_frequencies,7.3880
FAM041470.fasta,LG08_frequencies,6.3931
FAM041441.fasta,LG08_frequencies,6.5367
FAM041513.fasta,LG08_frequencies,6.8354
FAM041524.fasta,LG08_frequencies,6.9329
FAM041542.fasta,LG08_frequencies,5.1538
FAM041525.fasta,LG08_frequencies,6.7094
FAM041516.fasta,LG08_frequencies,5.9432
FAM041540.fasta,LG08_frequencies,6.5938
FAM041551.fasta,LG08_frequencies,6.6250
FAM041527.fasta,LG08_frequencies,6.6191
FAM041558.fasta,LG08_frequencies,10.2519
FAM041572.fasta,LG08_frequencies,6.9122
FAM041569.fasta,LG08_frequencies,8.5007
FAM041563.fasta,LG08_frequencies,4.6452
FAM041554.fasta,LG08_frequencies,4.5374
FAM041579.fasta,LG08_frequencies,4.4063
FAM041578.fasta,LG08_frequencies,6.5426
FAM041584.fasta,LG08_frequencies,6.0774
FAM041581.fasta,LG08_frequencies,5.2963
FAM041577.fasta,LG08_frequencies,7.0453
FAM041596.fasta,LG08_frequencies,6.5935
FAM041590.fasta,LG08_frequencies,8.2128
FAM041589.fasta,LG08_frequencies,6.6022
FAM041603.fasta,LG08_frequencies,23.2266
FAM041601.fasta,LG08_frequencies,6.7322
FAM041608.fasta,LG08_frequencies,14.0620
FAM041597.fasta,LG08_frequencies,6.7384
FAM041609.fasta,LG08_frequencies,7.3682
FAM041614.fasta,LG08_frequencies,6.8348
FAM041620.fasta,LG08_frequencies,5.5257
FAM041543.fasta,LG08_frequencies,6.6768
FAM041627.fasta,LG08_frequencies,6.9318
FAM041619.fasta,LG08_frequencies,5.1345
FAM041637.fasta,LG08_frequencies,6.1721
FAM041654.fasta,LG08_frequencies,5.8518
FAM041661.fasta,LG08_frequencies,8.5623
FAM041640.fasta,LG08_frequencies,6.8552
FAM041657.fasta,LG08_frequencies,5.9757
FAM041645.fasta,LG08_frequencies,6.0586
FAM041668.fasta,LG08_frequencies,6.1446
FAM041674.fasta,LG08_frequencies,6.0049
FAM041673.fasta,LG08_frequencies,6.9849
FAM041679.fasta,LG08_frequencies,7.2674
FAM041685.fasta,LG08_frequencies,7.1262
FAM041599.fasta,LG08_frequencies,7.0290
FAM041677.fasta,LG08_frequencies,7.3602
FAM041680.fasta,LG08_frequencies,7.4904
FAM041691.fasta,LG08_frequencies,4.4634
FAM041704.fasta,LG08_frequencies,6.5631
FAM041686.fasta,LG08_frequencies,8.5787
FAM041696.fasta,LG08_frequencies,9.9710
FAM041715.fasta,LG08_frequencies,8.1283
FAM041708.fasta,LG08_frequencies,7.0585
FAM041710.fasta,LG08_frequencies,4.3782
FAM041747.fasta,LG08_frequencies,6.9888
FAM041750.fasta,LG08_frequencies,13.1522
FAM041739.fasta,LG08_frequencies,4.6083
FAM041741.fasta,LG08_frequencies,4.7169
FAM041754.fasta,LG08_frequencies,591.5103
FAM041752.fasta,LG08_frequencies,7.1313
FAM041760.fasta,LG08_frequencies,4.0972
FAM041773.fasta,LG08_frequencies,9.0014
FAM041753.fasta,LG08_frequencies,5.4306
FAM041740.fasta,LG08_frequencies,8.3837
FAM041768.fasta,LG08_frequencies,5.8933
FAM041797.fasta,LG08_frequencies,6.3293
FAM041801.fasta,LG08_frequencies,6.1840
FAM041800.fasta,LG08_frequencies,5.1021
FAM041810.fasta,LG08_frequencies,7.7042
FAM041785.fasta,LG08_frequencies,6.1632
FAM041809.fasta,LG08_frequencies,5.0652
FAM041819.fasta,LG08_frequencies,7.2083
FAM041786.fasta,LG08_frequencies,6.5344
FAM041820.fasta,LG08_frequencies,7.7100
FAM041822.fasta,LG08_frequencies,6.6518
FAM041829.fasta,LG08_frequencies,7.2222
FAM041842.fasta,LG08_frequencies,4.1647
FAM041836.fasta,LG08_frequencies,10.1034
FAM041853.fasta,LG08_frequencies,5.8125
FAM041864.fasta,LG08_frequencies,7.0602
FAM041850.fasta,LG08_frequencies,4.8630
FAM041858.fasta,LG08_frequencies,5.8086
FAM041838.fasta,LG08_frequencies,5.9465
FAM041883.fasta,LG08_frequencies,6.4793
FAM041868.fasta,LG08_frequencies,7.4503
FAM041899.fasta,LG08_frequencies,6.3226
FAM041900.fasta,LG08_frequencies,7.6650
FAM041862.fasta,LG08_frequencies,7.0585
FAM041897.fasta,LG08_frequencies,6.8422
FAM041896.fasta,LG08_frequencies,5.6191
FAM041909.fasta,LG08_frequencies,5.4981
FAM041923.fasta,LG08_frequencies,6.7461
FAM041903.fasta,LG08_frequencies,6.0625
FAM041917.fasta,LG08_frequencies,6.4710
FAM041902.fasta,LG08_frequencies,5.9313
FAM041919.fasta,LG08_frequencies,6.5652
FAM041940.fasta,LG08_frequencies,6.7880
FAM041931.fasta,LG08_frequencies,7.4401
FAM041954.fasta,LG08_frequencies,7.5868
FAM041942.fasta,LG08_frequencies,2.3598
FAM041952.fasta,LG08_frequencies,7.5430
FAM041964.fasta,LG08_frequencies,5.7646
FAM041965.fasta,LG08_frequencies,3.8426
FAM041967.fasta,LG08_frequencies,26.2130
FAM041972.fasta,LG08_frequencies,2.1382
FAM041966.fasta,LG08_frequencies,5.4184
FAM041988.fasta,LG08_frequencies,7.6515
FAM041989.fasta,LG08_frequencies,7.0207
FAM041984.fasta,LG08_frequencies,5.0850
FAM041990.fasta,LG08_frequencies,6.2821
FAM041995.fasta,LG08_frequencies,7.4618
FAM041997.fasta,LG08_frequencies,3.5565
FAM042008.fasta,LG08_frequencies,7.0286
FAM041929.fasta,LG08_frequencies,3.5264
FAM042024.fasta,LG08_frequencies,7.8971
FAM042023.fasta,LG08_frequencies,7.7016
FAM042016.fasta,LG08_frequencies,7.3074
FAM042005.fasta,LG08_frequencies,9.5999
FAM042031.fasta,LG08_frequencies,7.7749
FAM042038.fasta,LG08_frequencies,7.6406
FAM041943.fasta,LG08_frequencies,8.9908
FAM042037.fasta,LG08_frequencies,5.0201
FAM042040.fasta,LG08_frequencies,6.4745
FAM042043.fasta,LG08_frequencies,7.0779
FAM042059.fasta,LG08_frequencies,6.4614
FAM042045.fasta,LG08_frequencies,7.2863
FAM042055.fasta,LG08_frequencies,6.6211
FAM042074.fasta,LG08_frequencies,5.3883
FAM042063.fasta,LG08_frequencies,6.5749
FAM042050.fasta,LG08_frequencies,6.0170
FAM042085.fasta,LG08_frequencies,6.6485
FAM042086.fasta,LG08_frequencies,6.6135
FAM042090.fasta,LG08_frequencies,7.5609
FAM042096.fasta,LG08_frequencies,6.6294
FAM042108.fasta,LG08_frequencies,6.7083
FAM042107.fasta,LG08_frequencies,8.6946
FAM042100.fasta,LG08_frequencies,5.0108
FAM042114.fasta,LG08_frequencies,4.7873
FAM042119.fasta,LG08_frequencies,6.9215
FAM042113.fasta,LG08_frequencies,6.5170
FAM042089.fasta,LG08_frequencies,6.7375
FAM042128.fasta,LG08_frequencies,7.8778
FAM042140.fasta,LG08_frequencies,6.7734
FAM042142.fasta,LG08_frequencies,8.4699
FAM042138.fasta,LG08_frequencies,7.0560
FAM042152.fasta,LG08_frequencies,6.9598
FAM042151.fasta,LG08_frequencies,6.9342
FAM042153.fasta,LG08_frequencies,6.3612
FAM042159.fasta,LG08_frequencies,6.6710
FAM042060.fasta,LG08_frequencies,5.2932
FAM042120.fasta,LG08_frequencies,6.9737
FAM042179.fasta,LG08_frequencies,14.7553
FAM042178.fasta,LG08_frequencies,6.1551
FAM042170.fasta,LG08_frequencies,5.8173
FAM042163.fasta,LG08_frequencies,6.5871
FAM042185.fasta,LG08_frequencies,6.6669
FAM042162.fasta,LG08_frequencies,8.0347
FAM042194.fasta,LG08_frequencies,6.7604
FAM042190.fasta,LG08_frequencies,6.4401
FAM042201.fasta,LG08_frequencies,196.3230
FAM042188.fasta,LG08_frequencies,7.7189
FAM042211.fasta,LG08_frequencies,2.5538
FAM042203.fasta,LG08_frequencies,7.8229
FAM042195.fasta,LG08_frequencies,6.7176
FAM042224.fasta,LG08_frequencies,7.9024
FAM042181.fasta,LG08_frequencies,7.0479
FAM042222.fasta,LG08_frequencies,7.4509
FAM042204.fasta,LG08_frequencies,8.2973
FAM042243.fasta,LG08_frequencies,6.0888
FAM042254.fasta,LG08_frequencies,7.8317
FAM042234.fasta,LG08_frequencies,6.5419
FAM042247.fasta,LG08_frequencies,6.5608
FAM042240.fasta,LG08_frequencies,6.2023
FAM042275.fasta,LG08_frequencies,5.5100
FAM042288.fasta,LG08_frequencies,6.2842
FAM042287.fasta,LG08_frequencies,7.3333
FAM042256.fasta,LG08_frequencies,6.9027
FAM042303.fasta,LG08_frequencies,7.7102
FAM042290.fasta,LG08_frequencies,6.9478
FAM042318.fasta,LG08_frequencies,12.8258
FAM042295.fasta,LG08_frequencies,4.8067
FAM042308.fasta,LG08_frequencies,6.6344
FAM042329.fasta,LG08_frequencies,7.0281
FAM042325.fasta,LG08_frequencies,6.7245
FAM042330.fasta,LG08_frequencies,5.6778
FAM042333.fasta,LG08_frequencies,6.0515
FAM042345.fasta,LG08_frequencies,5.1733
FAM042335.fasta,LG08_frequencies,6.6558
FAM042246.fasta,LG08_frequencies,6.1690
FAM042358.fasta,LG08_frequencies,9.0008
FAM042267.fasta,LG08_frequencies,6.5322
FAM042347.fasta,LG08_frequencies,6.7563
FAM042360.fasta,LG08_frequencies,6.9636
FAM042368.fasta,LG08_frequencies,6.1690
FAM042379.fasta,LG08_frequencies,6.4869
FAM042365.fasta,LG08_frequencies,6.2262
FAM042389.fasta,LG08_frequencies,5.1454
FAM042378.fasta,LG08_frequencies,6.6176
FAM042382.fasta,LG08_frequencies,6.2110
FAM042383.fasta,LG08_frequencies,6.3387
FAM042396.fasta,LG08_frequencies,7.7625
FAM042400.fasta,LG08_frequencies,7.1411
FAM042399.fasta,LG08_frequencies,6.0982
FAM042412.fasta,LG08_frequencies,7.5232
FAM042394.fasta,LG08_frequencies,6.3365
FAM042419.fasta,LG08_frequencies,4.3382
FAM042430.fasta,LG08_frequencies,6.8651
FAM042439.fasta,LG08_frequencies,5.9432
FAM042441.fasta,LG08_frequencies,9.3596
FAM042455.fasta,LG08_frequencies,5.9534
FAM042470.fasta,LG08_frequencies,7.4383
FAM042402.fasta,LG08_frequencies,6.4552
FAM042434.fasta,LG08_frequencies,5.0361
FAM042476.fasta,LG08_frequencies,4.8100
FAM042456.fasta,LG08_frequencies,6.8857
FAM042475.fasta,LG08_frequencies,7.3983
FAM042486.fasta,LG08_frequencies,7.1112
FAM042477.fasta,LG08_frequencies,5.9495
FAM042488.fasta,LG08_frequencies,8.1195
FAM042484.fasta,LG08_frequencies,5.5738
FAM042604.fasta,LG08_frequencies,6.7655
FAM042655.fasta,LG08_frequencies,6.1079
FAM042576.fasta,LG08_frequencies,6.3366
FAM042899.fasta,LG08_frequencies,6.3666
FAM042544.fasta,LG08_frequencies,6.8190
FAM042628.fasta,LG08_frequencies,6.6791
FAM042743.fasta,LG08_frequencies,7.1153
FAM042907.fasta,LG08_frequencies,3.8965
FAM042946.fasta,LG08_frequencies,7.0920
FAM043032.fasta,LG08_frequencies,5.4326
FAM042940.fasta,LG08_frequencies,5.1702
FAM042969.fasta,LG08_frequencies,6.7267
FAM043068.fasta,LG08_frequencies,5.3389
FAM042980.fasta,LG08_frequencies,5.5747
FAM043041.fasta,LG08_frequencies,6.5460
FAM043091.fasta,LG08_frequencies,6.8459
FAM043077.fasta,LG08_frequencies,4.7408
FAM042857.fasta,LG08_frequencies,7.1386
FAM043104.fasta,LG08_frequencies,6.5886
FAM043137.fasta,LG08_frequencies,7.1622
FAM043153.fasta,LG08_frequencies,4.1637
FAM043240.fasta,LG08_frequencies,4.2704
FAM043159.fasta,LG08_frequencies,5.9802
FAM043092.fasta,LG08_frequencies,6.4250
FAM043059.fasta,LG08_frequencies,6.8403
FAM043078.fasta,LG08_frequencies,6.2815
FAM043281.fasta,LG08_frequencies,6.4570
FAM043258.fasta,LG08_frequencies,5.1846
FAM043283.fasta,LG08_frequencies,6.4783
FAM043364.fasta,LG08_frequencies,6.5871
FAM043406.fasta,LG08_frequencies,6.5529
FAM043489.fasta,LG08_frequencies,6.1218
FAM043453.fasta,LG08_frequencies,6.9310
FAM043493.fasta,LG08_frequencies,3.6695
FAM043260.fasta,LG08_frequencies,6.3545
FAM043553.fasta,LG08_frequencies,9.4454
FAM043582.fasta,LG08_frequencies,19.7093
FAM043555.fasta,LG08_frequencies,6.5296
FAM043576.fasta,LG08_frequencies,6.2740
FAM043697.fasta,LG08_frequencies,5.0921
FAM043691.fasta,LG08_frequencies,6.1218
FAM043557.fasta,LG08_frequencies,6.4969
FAM043654.fasta,LG08_frequencies,5.5471
FAM043752.fasta,LG08_frequencies,6.8225
FAM043467.fasta,LG08_frequencies,6.4808
FAM043761.fasta,LG08_frequencies,8.0560
FAM043746.fasta,LG08_frequencies,5.4817
FAM043836.fasta,LG08_frequencies,7.4531
FAM043807.fasta,LG08_frequencies,7.5224
FAM043832.fasta,LG08_frequencies,6.6764
FAM043764.fasta,LG08_frequencies,6.1715
FAM043865.fasta,LG08_frequencies,6.8406
FAM043856.fasta,LG08_frequencies,5.9333
FAM043756.fasta,LG08_frequencies,6.5087
FAM043880.fasta,LG08_frequencies,6.5504
FAM043982.fasta,LG08_frequencies,5.0525
FAM043986.fasta,LG08_frequencies,6.5024
FAM043882.fasta,LG08_frequencies,6.6990
FAM043876.fasta,LG08_frequencies,6.6705
FAM043988.fasta,LG08_frequencies,5.9792
FAM044034.fasta,LG08_frequencies,8.5373
FAM044015.fasta,LG08_frequencies,3.3083
FAM044022.fasta,LG08_frequencies,4.7639
FAM044029.fasta,LG08_frequencies,6.0406
FAM043868.fasta,LG08_frequencies,6.5602
FAM044059.fasta,LG08_frequencies,6.9717
FAM044060.fasta,LG08_frequencies,6.2920
FAM044038.fasta,LG08_frequencies,7.1949
FAM044061.fasta,LG08_frequencies,7.6561
FAM044041.fasta,LG08_frequencies,6.8003
FAM044174.fasta,LG08_frequencies,6.0433
FAM044180.fasta,LG08_frequencies,4.7409
FAM044211.fasta,LG08_frequencies,8.1230
FAM044128.fasta,LG08_frequencies,2.7763
FAM044228.fasta,LG08_frequencies,6.7964
FAM044094.fasta,LG08_frequencies,6.2295
FAM044095.fasta,LG08_frequencies,6.7532
FAM044277.fasta,LG08_frequencies,7.3296
FAM044274.fasta,LG08_frequencies,7.1333
FAM044307.fasta,LG08_frequencies,5.7755
FAM044319.fasta,LG08_frequencies,5.7959
FAM044245.fasta,LG08_frequencies,4.7021
FAM044241.fasta,LG08_frequencies,7.3386
FAM044353.fasta,LG08_frequencies,7.2521
FAM044242.fasta,LG08_frequencies,5.6399
FAM044328.fasta,LG08_frequencies,6.8729
FAM044386.fasta,LG08_frequencies,6.6278
FAM044382.fasta,LG08_frequencies,6.2682
FAM044422.fasta,LG08_frequencies,7.4594
FAM044412.fasta,LG08_frequencies,7.8679
FAM044410.fasta,LG08_frequencies,4.3571
FAM044417.fasta,LG08_frequencies,5.1273
FAM044423.fasta,LG08_frequencies,7.4962
FAM044395.fasta,LG08_frequencies,6.0517
FAM044510.fasta,LG08_frequencies,5.5360
FAM044564.fasta,LG08_frequencies,6.2481
FAM044555.fasta,LG08_frequencies,7.1517
FAM044587.fasta,LG08_frequencies,8.0819
FAM044595.fasta,LG08_frequencies,5.0959
FAM044614.fasta,LG08_frequencies,8.0984
FAM044633.fasta,LG08_frequencies,5.0802
FAM044698.fasta,LG08_frequencies,3.2498
FAM044635.fasta,LG08_frequencies,6.2331
FAM044709.fasta,LG08_frequencies,6.6813
FAM044634.fasta,LG08_frequencies,5.6677
FAM044697.fasta,LG08_frequencies,6.0349
FAM044710.fasta,LG08_frequencies,5.5266
FAM044792.fasta,LG08_frequencies,11.5697
FAM044737.fasta,LG08_frequencies,8.2512
FAM044744.fasta,LG08_frequencies,5.2928
FAM044851.fasta,LG08_frequencies,5.2074
FAM044859.fasta,LG08_frequencies,6.7754
FAM044816.fasta,LG08_frequencies,7.2830
FAM044875.fasta,LG08_frequencies,6.0194
FAM044813.fasta,LG08_frequencies,6.7114
FAM044856.fasta,LG08_frequencies,5.0173
FAM044887.fasta,LG08_frequencies,6.6766
FAM044870.fasta,LG08_frequencies,7.0241
FAM044691.fasta,LG08_frequencies,6.4135
FAM044896.fasta,LG08_frequencies,6.7039
FAM044961.fasta,LG08_frequencies,6.8600
FAM044983.fasta,LG08_frequencies,547.2032
FAM045019.fasta,LG08_frequencies,8.1767
FAM044976.fasta,LG08_frequencies,7.7302
FAM044908.fasta,LG08_frequencies,5.9000
FAM044935.fasta,LG08_frequencies,6.6981
FAM045021.fasta,LG08_frequencies,4.6284
FAM045022.fasta,LG08_frequencies,4.3679
FAM045057.fasta,LG08_frequencies,6.9663
FAM045082.fasta,LG08_frequencies,8.8198
FAM045124.fasta,LG08_frequencies,8.5364
FAM045109.fasta,LG08_frequencies,7.5205
FAM045053.fasta,LG08_frequencies,7.1742
FAM045160.fasta,LG08_frequencies,7.1793
FAM045169.fasta,LG08_frequencies,5.2735
FAM045144.fasta,LG08_frequencies,5.7028
FAM045028.fasta,LG08_frequencies,5.2720
FAM045206.fasta,LG08_frequencies,3.1910
FAM045176.fasta,LG08_frequencies,6.3774
FAM045268.fasta,LG08_frequencies,4.8676
FAM045260.fasta,LG08_frequencies,6.5015
FAM045337.fasta,LG08_frequencies,6.9241
FAM045309.fasta,LG08_frequencies,11.0555
FAM045305.fasta,LG08_frequencies,7.0970
FAM045356.fasta,LG08_frequencies,4.0653
FAM045175.fasta,LG08_frequencies,6.9822
FAM045367.fasta,LG08_frequencies,5.6810
FAM045365.fasta,LG08_frequencies,7.7008
FAM045283.fasta,LG08_frequencies,5.2781
FAM045413.fasta,LG08_frequencies,7.5069
FAM045397.fasta,LG08_frequencies,5.7289
FAM045376.fasta,LG08_frequencies,8.1273
FAM045439.fasta,LG08_frequencies,3.1141
FAM045484.fasta,LG08_frequencies,7.0508
FAM045471.fasta,LG08_frequencies,6.1728
FAM045501.fasta,LG08_frequencies,6.2832
FAM045485.fasta,LG08_frequencies,6.8297
FAM045503.fasta,LG08_frequencies,6.6570
FAM045554.fasta,LG08_frequencies,11.1204
FAM045509.fasta,LG08_frequencies,5.3978
FAM045523.fasta,LG08_frequencies,4.0929
FAM045524.fasta,LG08_frequencies,5.6510
FAM045602.fasta,LG08_frequencies,6.9021
FAM045555.fasta,LG08_frequencies,6.2299
FAM045641.fasta,LG08_frequencies,7.0931
FAM045668.fasta,LG08_frequencies,7.0981
FAM045704.fasta,LG08_frequencies,7.1407
FAM045705.fasta,LG08_frequencies,5.5844
FAM045671.fasta,LG08_frequencies,6.0790
FAM045715.fasta,LG08_frequencies,6.6717
FAM045726.fasta,LG08_frequencies,6.4311
FAM045619.fasta,LG08_frequencies,6.7598
FAM045805.fasta,LG08_frequencies,6.0621
FAM045690.fasta,LG08_frequencies,7.0924
FAM045812.fasta,LG08_frequencies,6.7728
FAM045738.fasta,LG08_frequencies,6.2732
FAM045407.fasta,LG08_frequencies,6.7245
FAM045808.fasta,LG08_frequencies,3.4938
FAM045856.fasta,LG08_frequencies,6.2013
FAM045820.fasta,LG08_frequencies,6.5787
FAM045714.fasta,LG08_frequencies,7.2500
FAM045879.fasta,LG08_frequencies,7.2015
FAM045857.fasta,LG08_frequencies,7.0863
FAM045899.fasta,LG08_frequencies,6.6107
FAM045834.fasta,LG08_frequencies,5.2501
FAM045910.fasta,LG08_frequencies,7.2940
FAM045907.fasta,LG08_frequencies,5.8777
FAM045918.fasta,LG08_frequencies,5.3213
FAM045925.fasta,LG08_frequencies,7.5489
FAM045934.fasta,LG08_frequencies,7.1980
FAM045890.fasta,LG08_frequencies,7.2317
FAM045921.fasta,LG08_frequencies,8.8954
FAM045980.fasta,LG08_frequencies,9.0432
FAM045974.fasta,LG08_frequencies,7.4896
FAM045999.fasta,LG08_frequencies,5.7254
FAM045970.fasta,LG08_frequencies,7.2090
FAM045977.fasta,LG08_frequencies,9.6632
FAM046004.fasta,LG08_frequencies,7.1712
FAM045922.fasta,LG08_frequencies,7.7645
FAM046019.fasta,LG08_frequencies,6.7865
FAM046056.fasta,LG08_frequencies,7.0436
FAM046020.fasta,LG08_frequencies,6.5050
FAM046034.fasta,LG08_frequencies,6.8342
FAM046057.fasta,LG08_frequencies,6.1845
FAM046069.fasta,LG08_frequencies,7.6363
FAM046046.fasta,LG08_frequencies,6.5469
FAM046014.fasta,LG08_frequencies,6.6799
FAM046176.fasta,LG08_frequencies,5.9581
FAM046177.fasta,LG08_frequencies,7.0664
FAM046149.fasta,LG08_frequencies,7.6593
FAM046165.fasta,LG08_frequencies,5.0927
FAM046250.fasta,LG08_frequencies,6.6508
FAM046255.fasta,LG08_frequencies,4.8543
FAM046194.fasta,LG08_frequencies,6.9781
FAM046185.fasta,LG08_frequencies,6.6428
FAM046264.fasta,LG08_frequencies,7.5029
FAM046332.fasta,LG08_frequencies,7.8417
FAM046295.fasta,LG08_frequencies,5.8076
FAM046364.fasta,LG08_frequencies,8.0838
FAM046265.fasta,LG08_frequencies,6.9429
FAM046363.fasta,LG08_frequencies,6.8026
FAM046269.fasta,LG08_frequencies,6.5175
FAM046376.fasta,LG08_frequencies,6.8187
FAM046378.fasta,LG08_frequencies,7.9497
FAM046063.fasta,LG08_frequencies,6.6167
FAM046484.fasta,LG08_frequencies,6.7447
FAM046473.fasta,LG08_frequencies,7.6664
FAM046500.fasta,LG08_frequencies,6.5414
FAM046654.fasta,LG08_frequencies,6.9745
FAM046410.fasta,LG08_frequencies,7.1396
FAM046393.fasta,LG08_frequencies,7.0462
FAM046588.fasta,LG08_frequencies,6.6368
FAM046876.fasta,LG08_frequencies,8.2107
FAM046917.fasta,LG08_frequencies,12.2009
FAM046883.fasta,LG08_frequencies,7.0895
FAM046814.fasta,LG08_frequencies,6.9710
FAM046790.fasta,LG08_frequencies,5.5750
FAM046978.fasta,LG08_frequencies,4.9863
FAM046941.fasta,LG08_frequencies,6.5396
FAM046938.fasta,LG08_frequencies,5.1619
FAM047068.fasta,LG08_frequencies,5.1284
FAM046986.fasta,LG08_frequencies,3.9042
FAM047091.fasta,LG08_frequencies,6.6995
FAM047112.fasta,LG08_frequencies,6.7367
FAM046995.fasta,LG08_frequencies,6.4950
FAM047239.fasta,LG08_frequencies,6.2306
FAM047264.fasta,LG08_frequencies,6.8299
FAM047355.fasta,LG08_frequencies,4.5214
FAM047389.fasta,LG08_frequencies,7.2308
FAM047454.fasta,LG08_frequencies,5.4481
FAM047471.fasta,LG08_frequencies,4.0111
FAM047410.fasta,LG08_frequencies,6.2768
FAM047527.fasta,LG08_frequencies,6.5576
FAM046988.fasta,LG08_frequencies,6.8746
FAM047673.fasta,LG08_frequencies,7.6820
FAM047623.fasta,LG08_frequencies,5.6690
FAM047691.fasta,LG08_frequencies,4.8929
FAM047645.fasta,LG08_frequencies,7.9391
FAM047705.fasta,LG08_frequencies,6.9621
FAM047763.fasta,LG08_frequencies,4.7189
FAM047388.fasta,LG08_frequencies,7.1254
FAM047755.fasta,LG08_frequencies,8.1227
FAM047715.fasta,LG08_frequencies,5.5605
FAM046460.fasta,LG08_frequencies,8.8179
FAM047768.fasta,LG08_frequencies,4.9087
FAM047820.fasta,LG08_frequencies,6.7448
FAM047873.fasta,LG08_frequencies,6.4959
FAM047793.fasta,LG08_frequencies,7.3494
FAM047775.fasta,LG08_frequencies,6.6591
FAM048047.fasta,LG08_frequencies,6.7647
FAM047926.fasta,LG08_frequencies,4.2640
FAM048140.fasta,LG08_frequencies,4.7387
FAM047840.fasta,LG08_frequencies,5.2065
FAM048218.fasta,LG08_frequencies,6.4272
FAM047922.fasta,LG08_frequencies,7.0527
FAM048598.fasta,LG08_frequencies,7.0376
FAM048066.fasta,LG08_frequencies,5.5843
FAM048234.fasta,LG08_frequencies,6.8776
FAM048945.fasta,LG08_frequencies,7.6263
FAM048273.fasta,LG08_frequencies,7.0293
FAM049082.fasta,LG08_frequencies,6.6803
FAM048801.fasta,LG08_frequencies,6.6748
FAM049434.fasta,LG08_frequencies,8.4473
FAM049093.fasta,LG08_frequencies,7.4131
FAM049710.fasta,LG08_frequencies,5.7540
FAM049456.fasta,LG08_frequencies,6.6187
FAM049487.fasta,LG08_frequencies,6.3348
FAM050400.fasta,LG08_frequencies,6.8629
FAM050658.fasta,LG08_frequencies,6.7899
FAM050518.fasta,LG08_frequencies,6.0750
FAM051011.fasta,LG08_frequencies,5.8648
FAM050987.fasta,LG08_frequencies,5.8222
FAM051054.fasta,LG08_frequencies,4.3122
FAM052839.fasta,LG08_frequencies,4.0239
FAM052096.fasta,LG08_frequencies,7.1336
FAM048761.fasta,LG08_frequencies,11.1217
FAM055355.fasta,LG08_frequencies,6.6881
FAM054635.fasta,LG08_frequencies,7.0067
FAM052998.fasta,LG08_frequencies,6.9144
FAM049125.fasta,LG08_frequencies,6.7079
FAM059487.fasta,LG08_frequencies,7.6342
FAM059568.fasta,LG08_frequencies,7.0928
FAM060168.fasta,LG08_frequencies,7.3682
FAM060033.fasta,LG08_frequencies,6.9500
OVERALL_AVERAGE,LG08_frequencies,8.7825
